collision_id,reaction,reactants,products,x,x_unit,y,y_unit,reactant_n_min,reactant_n_max,product_n_min,product_n_max,delta_n_max
250,H (n=1) + H (n=2) → H+ (n=1) + H (n=1),H (n=1) + H (n=2),H+ (n=1) + H (n=1),4000.0,K,3e-15,cm3/s,1,2,1,1,-1
250,H (n=1) + H (n=2) → H+ (n=1) + H (n=1),H (n=1) + H (n=2),H+ (n=1) + H (n=1),4500.0,K,1.976e-13,cm3/s,1,2,1,1,-1
250,H (n=1) + H (n=2) → H+ (n=1) + H (n=1),H (n=1) + H (n=2),H+ (n=1) + H (n=1),5000.0,K,7.2943e-13,cm3/s,1,2,1,1,-1
250,H (n=1) + H (n=2) → H+ (n=1) + H (n=1),H (n=1) + H (n=2),H+ (n=1) + H (n=1),5500.0,K,1.73817e-12,cm3/s,1,2,1,1,-1
250,H (n=1) + H (n=2) → H+ (n=1) + H (n=1),H (n=1) + H (n=2),H+ (n=1) + H (n=1),6000.0,K,3.39057e-12,cm3/s,1,2,1,1,-1
250,H (n=1) + H (n=2) → H+ (n=1) + H (n=1),H (n=1) + H (n=2),H+ (n=1) + H (n=1),6500.0,K,5.8112e-12,cm3/s,1,2,1,1,-1
250,H (n=1) + H (n=2) → H+ (n=1) + H (n=1),H (n=1) + H (n=2),H+ (n=1) + H (n=1),7000.0,K,9.205e-12,cm3/s,1,2,1,1,-1
250,H (n=1) + H (n=2) → H+ (n=1) + H (n=1),H (n=1) + H (n=2),H+ (n=1) + H (n=1),7500.0,K,1.35952e-11,cm3/s,1,2,1,1,-1
250,H (n=1) + H (n=2) → H+ (n=1) + H (n=1),H (n=1) + H (n=2),H+ (n=1) + H (n=1),8000.0,K,1.911e-11,cm3/s,1,2,1,1,-1
250,H (n=1) + H (n=2) → H+ (n=1) + H (n=1),H (n=1) + H (n=2),H+ (n=1) + H (n=1),8500.0,K,2.5802e-11,cm3/s,1,2,1,1,-1
250,H (n=1) + H (n=2) → H+ (n=1) + H (n=1),H (n=1) + H (n=2),H+ (n=1) + H (n=1),9000.0,K,3.3511e-11,cm3/s,1,2,1,1,-1
250,H (n=1) + H (n=2) → H+ (n=1) + H (n=1),H (n=1) + H (n=2),H+ (n=1) + H (n=1),9500.0,K,4.25908e-11,cm3/s,1,2,1,1,-1
250,H (n=1) + H (n=2) → H+ (n=1) + H (n=1),H (n=1) + H (n=2),H+ (n=1) + H (n=1),10000.0,K,5.27774e-11,cm3/s,1,2,1,1,-1
250,H (n=1) + H (n=2) → H+ (n=1) + H (n=1),H (n=1) + H (n=2),H+ (n=1) + H (n=1),11000.0,K,7.63282e-11,cm3/s,1,2,1,1,-1
250,H (n=1) + H (n=2) → H+ (n=1) + H (n=1),H (n=1) + H (n=2),H+ (n=1) + H (n=1),12000.0,K,1.0375e-10,cm3/s,1,2,1,1,-1
250,H (n=1) + H (n=2) → H+ (n=1) + H (n=1),H (n=1) + H (n=2),H+ (n=1) + H (n=1),13000.0,K,1.3515e-10,cm3/s,1,2,1,1,-1
250,H (n=1) + H (n=2) → H+ (n=1) + H (n=1),H (n=1) + H (n=2),H+ (n=1) + H (n=1),14000.0,K,1.68675e-10,cm3/s,1,2,1,1,-1
250,H (n=1) + H (n=2) → H+ (n=1) + H (n=1),H (n=1) + H (n=2),H+ (n=1) + H (n=1),15000.0,K,2.0586e-10,cm3/s,1,2,1,1,-1
250,H (n=1) + H (n=2) → H+ (n=1) + H (n=1),H (n=1) + H (n=2),H+ (n=1) + H (n=1),16000.0,K,2.43984e-10,cm3/s,1,2,1,1,-1
250,H (n=1) + H (n=2) → H+ (n=1) + H (n=1),H (n=1) + H (n=2),H+ (n=1) + H (n=1),17000.0,K,2.84548e-10,cm3/s,1,2,1,1,-1
250,H (n=1) + H (n=2) → H+ (n=1) + H (n=1),H (n=1) + H (n=2),H+ (n=1) + H (n=1),18000.0,K,3.25974e-10,cm3/s,1,2,1,1,-1
250,H (n=1) + H (n=2) → H+ (n=1) + H (n=1),H (n=1) + H (n=2),H+ (n=1) + H (n=1),19000.0,K,3.68424e-10,cm3/s,1,2,1,1,-1
250,H (n=1) + H (n=2) → H+ (n=1) + H (n=1),H (n=1) + H (n=2),H+ (n=1) + H (n=1),20000.0,K,4.12685e-10,cm3/s,1,2,1,1,-1
251,H (n=3) + H (n=1) → H+ (n=1) + H (n=1),H (n=3) + H (n=1),H+ (n=1) + H (n=1),3000.0,K,5.85600000000001e-12,cm3/s,1,3,1,1,-2
251,H (n=3) + H (n=1) → H+ (n=1) + H (n=1),H (n=3) + H (n=1),H+ (n=1) + H (n=1),3500.0,K,1.311e-11,cm3/s,1,3,1,1,-2
251,H (n=3) + H (n=1) → H+ (n=1) + H (n=1),H (n=3) + H (n=1),H+ (n=1) + H (n=1),4000.0,K,2.7855e-11,cm3/s,1,3,1,1,-2
251,H (n=3) + H (n=1) → H+ (n=1) + H (n=1),H (n=3) + H (n=1),H+ (n=1) + H (n=1),4500.0,K,4.6593e-11,cm3/s,1,3,1,1,-2
251,H (n=3) + H (n=1) → H+ (n=1) + H (n=1),H (n=3) + H (n=1),H+ (n=1) + H (n=1),5000.0,K,7.0785e-11,cm3/s,1,3,1,1,-2
251,H (n=3) + H (n=1) → H+ (n=1) + H (n=1),H (n=3) + H (n=1),H+ (n=1) + H (n=1),5500.0,K,1e-10,cm3/s,1,3,1,1,-2
251,H (n=3) + H (n=1) → H+ (n=1) + H (n=1),H (n=3) + H (n=1),H+ (n=1) + H (n=1),6000.0,K,1.3328e-10,cm3/s,1,3,1,1,-2
251,H (n=3) + H (n=1) → H+ (n=1) + H (n=1),H (n=3) + H (n=1),H+ (n=1) + H (n=1),6500.0,K,1.70232e-10,cm3/s,1,3,1,1,-2
251,H (n=3) + H (n=1) → H+ (n=1) + H (n=1),H (n=3) + H (n=1),H+ (n=1) + H (n=1),7000.0,K,2.106e-10,cm3/s,1,3,1,1,-2
251,H (n=3) + H (n=1) → H+ (n=1) + H (n=1),H (n=3) + H (n=1),H+ (n=1) + H (n=1),7500.0,K,2.53708e-10,cm3/s,1,3,1,1,-2
251,H (n=3) + H (n=1) → H+ (n=1) + H (n=1),H (n=3) + H (n=1),H+ (n=1) + H (n=1),8000.0,K,2.9841e-10,cm3/s,1,3,1,1,-2
251,H (n=3) + H (n=1) → H+ (n=1) + H (n=1),H (n=3) + H (n=1),H+ (n=1) + H (n=1),8500.0,K,3.4515e-10,cm3/s,1,3,1,1,-2
251,H (n=3) + H (n=1) → H+ (n=1) + H (n=1),H (n=3) + H (n=1),H+ (n=1) + H (n=1),9000.0,K,3.92848e-10,cm3/s,1,3,1,1,-2
251,H (n=3) + H (n=1) → H+ (n=1) + H (n=1),H (n=3) + H (n=1),H+ (n=1) + H (n=1),9500.0,K,4.41266e-10,cm3/s,1,3,1,1,-2
251,H (n=3) + H (n=1) → H+ (n=1) + H (n=1),H (n=3) + H (n=1),H+ (n=1) + H (n=1),10000.0,K,4.91088e-10,cm3/s,1,3,1,1,-2
251,H (n=3) + H (n=1) → H+ (n=1) + H (n=1),H (n=3) + H (n=1),H+ (n=1) + H (n=1),11000.0,K,5.90961e-10,cm3/s,1,3,1,1,-2
251,H (n=3) + H (n=1) → H+ (n=1) + H (n=1),H (n=3) + H (n=1),H+ (n=1) + H (n=1),12000.0,K,6.91336e-10,cm3/s,1,3,1,1,-2
251,H (n=3) + H (n=1) → H+ (n=1) + H (n=1),H (n=3) + H (n=1),H+ (n=1) + H (n=1),13000.0,K,7.8965e-10,cm3/s,1,3,1,1,-2
251,H (n=3) + H (n=1) → H+ (n=1) + H (n=1),H (n=3) + H (n=1),H+ (n=1) + H (n=1),14000.0,K,8.8842e-10,cm3/s,1,3,1,1,-2
251,H (n=3) + H (n=1) → H+ (n=1) + H (n=1),H (n=3) + H (n=1),H+ (n=1) + H (n=1),15000.0,K,9.8568e-10,cm3/s,1,3,1,1,-2
251,H (n=3) + H (n=1) → H+ (n=1) + H (n=1),H (n=3) + H (n=1),H+ (n=1) + H (n=1),16000.0,K,1.0812e-09,cm3/s,1,3,1,1,-2
251,H (n=3) + H (n=1) → H+ (n=1) + H (n=1),H (n=3) + H (n=1),H+ (n=1) + H (n=1),17000.0,K,1.16864e-09,cm3/s,1,3,1,1,-2
251,H (n=3) + H (n=1) → H+ (n=1) + H (n=1),H (n=3) + H (n=1),H+ (n=1) + H (n=1),18000.0,K,1.26314e-09,cm3/s,1,3,1,1,-2
251,H (n=3) + H (n=1) → H+ (n=1) + H (n=1),H (n=3) + H (n=1),H+ (n=1) + H (n=1),19000.0,K,1.34705e-09,cm3/s,1,3,1,1,-2
251,H (n=3) + H (n=1) → H+ (n=1) + H (n=1),H (n=3) + H (n=1),H+ (n=1) + H (n=1),20000.0,K,1.43055e-09,cm3/s,1,3,1,1,-2
252,H (n=1) + H (n=4) → H+ (n=1) + H (n=1),H (n=1) + H (n=4),H+ (n=1) + H (n=1),3000.0,K,6.27900000000001e-11,cm3/s,1,4,1,1,-3
252,H (n=1) + H (n=4) → H+ (n=1) + H (n=1),H (n=1) + H (n=4),H+ (n=1) + H (n=1),3500.0,K,1.0048e-10,cm3/s,1,4,1,1,-3
252,H (n=1) + H (n=4) → H+ (n=1) + H (n=1),H (n=1) + H (n=4),H+ (n=1) + H (n=1),4000.0,K,1.5498e-10,cm3/s,1,4,1,1,-3
252,H (n=1) + H (n=4) → H+ (n=1) + H (n=1),H (n=1) + H (n=4),H+ (n=1) + H (n=1),4500.0,K,2.115e-10,cm3/s,1,4,1,1,-3
252,H (n=1) + H (n=4) → H+ (n=1) + H (n=1),H (n=1) + H (n=4),H+ (n=1) + H (n=1),5000.0,K,2.7384e-10,cm3/s,1,4,1,1,-3
252,H (n=1) + H (n=4) → H+ (n=1) + H (n=1),H (n=1) + H (n=4),H+ (n=1) + H (n=1),5500.0,K,3.37824e-10,cm3/s,1,4,1,1,-3
252,H (n=1) + H (n=4) → H+ (n=1) + H (n=1),H (n=1) + H (n=4),H+ (n=1) + H (n=1),6000.0,K,4.04238e-10,cm3/s,1,4,1,1,-3
252,H (n=1) + H (n=4) → H+ (n=1) + H (n=1),H (n=1) + H (n=4),H+ (n=1) + H (n=1),6500.0,K,4.70583e-10,cm3/s,1,4,1,1,-3
252,H (n=1) + H (n=4) → H+ (n=1) + H (n=1),H (n=1) + H (n=4),H+ (n=1) + H (n=1),7000.0,K,5.36512e-10,cm3/s,1,4,1,1,-3
252,H (n=1) + H (n=4) → H+ (n=1) + H (n=1),H (n=1) + H (n=4),H+ (n=1) + H (n=1),7500.0,K,6.02928e-10,cm3/s,1,4,1,1,-3
252,H (n=1) + H (n=4) → H+ (n=1) + H (n=1),H (n=1) + H (n=4),H+ (n=1) + H (n=1),8000.0,K,6.6825e-10,cm3/s,1,4,1,1,-3
252,H (n=1) + H (n=4) → H+ (n=1) + H (n=1),H (n=1) + H (n=4),H+ (n=1) + H (n=1),8500.0,K,7.3242e-10,cm3/s,1,4,1,1,-3
252,H (n=1) + H (n=4) → H+ (n=1) + H (n=1),H (n=1) + H (n=4),H+ (n=1) + H (n=1),9000.0,K,7.95702e-10,cm3/s,1,4,1,1,-3
252,H (n=1) + H (n=4) → H+ (n=1) + H (n=1),H (n=1) + H (n=4),H+ (n=1) + H (n=1),9500.0,K,8.5904e-10,cm3/s,1,4,1,1,-3
252,H (n=1) + H (n=4) → H+ (n=1) + H (n=1),H (n=1) + H (n=4),H+ (n=1) + H (n=1),10000.0,K,9.156e-10,cm3/s,1,4,1,1,-3
252,H (n=1) + H (n=4) → H+ (n=1) + H (n=1),H (n=1) + H (n=4),H+ (n=1) + H (n=1),11000.0,K,1.03359e-09,cm3/s,1,4,1,1,-3
252,H (n=1) + H (n=4) → H+ (n=1) + H (n=1),H (n=1) + H (n=4),H+ (n=1) + H (n=1),12000.0,K,1.1421e-09,cm3/s,1,4,1,1,-3
252,H (n=1) + H (n=4) → H+ (n=1) + H (n=1),H (n=1) + H (n=4),H+ (n=1) + H (n=1),13000.0,K,1.25028e-09,cm3/s,1,4,1,1,-3
252,H (n=1) + H (n=4) → H+ (n=1) + H (n=1),H (n=1) + H (n=4),H+ (n=1) + H (n=1),14000.0,K,1.3472e-09,cm3/s,1,4,1,1,-3
252,H (n=1) + H (n=4) → H+ (n=1) + H (n=1),H (n=1) + H (n=4),H+ (n=1) + H (n=1),15000.0,K,1.4364e-09,cm3/s,1,4,1,1,-3
252,H (n=1) + H (n=4) → H+ (n=1) + H (n=1),H (n=1) + H (n=4),H+ (n=1) + H (n=1),16000.0,K,1.53105e-09,cm3/s,1,4,1,1,-3
252,H (n=1) + H (n=4) → H+ (n=1) + H (n=1),H (n=1) + H (n=4),H+ (n=1) + H (n=1),17000.0,K,1.60816e-09,cm3/s,1,4,1,1,-3
252,H (n=1) + H (n=4) → H+ (n=1) + H (n=1),H (n=1) + H (n=4),H+ (n=1) + H (n=1),18000.0,K,1.69344e-09,cm3/s,1,4,1,1,-3
252,H (n=1) + H (n=4) → H+ (n=1) + H (n=1),H (n=1) + H (n=4),H+ (n=1) + H (n=1),19000.0,K,1.76911e-09,cm3/s,1,4,1,1,-3
252,H (n=1) + H (n=4) → H+ (n=1) + H (n=1),H (n=1) + H (n=4),H+ (n=1) + H (n=1),20000.0,K,1.8437e-09,cm3/s,1,4,1,1,-3
253,H (n=1) + H (n=5) → H+ (n=1) + H (n=1),H (n=1) + H (n=5),H+ (n=1) + H (n=1),3000.0,K,1.5162e-10,cm3/s,1,5,1,1,-4
253,H (n=1) + H (n=5) → H+ (n=1) + H (n=1),H (n=1) + H (n=5),H+ (n=1) + H (n=1),3500.0,K,2.1609e-10,cm3/s,1,5,1,1,-4
253,H (n=1) + H (n=5) → H+ (n=1) + H (n=1),H (n=1) + H (n=5),H+ (n=1) + H (n=1),4000.0,K,2.83968e-10,cm3/s,1,5,1,1,-4
253,H (n=1) + H (n=5) → H+ (n=1) + H (n=1),H (n=1) + H (n=5),H+ (n=1) + H (n=1),4500.0,K,3.52272e-10,cm3/s,1,5,1,1,-4
253,H (n=1) + H (n=5) → H+ (n=1) + H (n=1),H (n=1) + H (n=5),H+ (n=1) + H (n=1),5000.0,K,4.1975e-10,cm3/s,1,5,1,1,-4
253,H (n=1) + H (n=5) → H+ (n=1) + H (n=1),H (n=1) + H (n=5),H+ (n=1) + H (n=1),5500.0,K,4.84993e-10,cm3/s,1,5,1,1,-4
253,H (n=1) + H (n=5) → H+ (n=1) + H (n=1),H (n=1) + H (n=5),H+ (n=1) + H (n=1),6000.0,K,5.49504e-10,cm3/s,1,5,1,1,-4
253,H (n=1) + H (n=5) → H+ (n=1) + H (n=1),H (n=1) + H (n=5),H+ (n=1) + H (n=1),6500.0,K,6.10764e-10,cm3/s,1,5,1,1,-4
253,H (n=1) + H (n=5) → H+ (n=1) + H (n=1),H (n=1) + H (n=5),H+ (n=1) + H (n=1),7000.0,K,6.70023e-10,cm3/s,1,5,1,1,-4
253,H (n=1) + H (n=5) → H+ (n=1) + H (n=1),H (n=1) + H (n=5),H+ (n=1) + H (n=1),7500.0,K,7.2409e-10,cm3/s,1,5,1,1,-4
253,H (n=1) + H (n=5) → H+ (n=1) + H (n=1),H (n=1) + H (n=5),H+ (n=1) + H (n=1),8000.0,K,7.776e-10,cm3/s,1,5,1,1,-4
253,H (n=1) + H (n=5) → H+ (n=1) + H (n=1),H (n=1) + H (n=5),H+ (n=1) + H (n=1),8500.0,K,8.3168e-10,cm3/s,1,5,1,1,-4
253,H (n=1) + H (n=5) → H+ (n=1) + H (n=1),H (n=1) + H (n=5),H+ (n=1) + H (n=1),9000.0,K,8.85e-10,cm3/s,1,5,1,1,-4
253,H (n=1) + H (n=5) → H+ (n=1) + H (n=1),H (n=1) + H (n=5),H+ (n=1) + H (n=1),9500.0,K,9.3086e-10,cm3/s,1,5,1,1,-4
253,H (n=1) + H (n=5) → H+ (n=1) + H (n=1),H (n=1) + H (n=5),H+ (n=1) + H (n=1),10000.0,K,9.765e-10,cm3/s,1,5,1,1,-4
253,H (n=1) + H (n=5) → H+ (n=1) + H (n=1),H (n=1) + H (n=5),H+ (n=1) + H (n=1),11000.0,K,1.05735e-09,cm3/s,1,5,1,1,-4
253,H (n=1) + H (n=5) → H+ (n=1) + H (n=1),H (n=1) + H (n=5),H+ (n=1) + H (n=1),12000.0,K,1.1382e-09,cm3/s,1,5,1,1,-4
253,H (n=1) + H (n=5) → H+ (n=1) + H (n=1),H (n=1) + H (n=5),H+ (n=1) + H (n=1),13000.0,K,1.20888e-09,cm3/s,1,5,1,1,-4
253,H (n=1) + H (n=5) → H+ (n=1) + H (n=1),H (n=1) + H (n=5),H+ (n=1) + H (n=1),14000.0,K,1.27832e-09,cm3/s,1,5,1,1,-4
253,H (n=1) + H (n=5) → H+ (n=1) + H (n=1),H (n=1) + H (n=5),H+ (n=1) + H (n=1),15000.0,K,1.33764e-09,cm3/s,1,5,1,1,-4
253,H (n=1) + H (n=5) → H+ (n=1) + H (n=1),H (n=1) + H (n=5),H+ (n=1) + H (n=1),16000.0,K,1.39644e-09,cm3/s,1,5,1,1,-4
253,H (n=1) + H (n=5) → H+ (n=1) + H (n=1),H (n=1) + H (n=5),H+ (n=1) + H (n=1),17000.0,K,1.44586e-09,cm3/s,1,5,1,1,-4
253,H (n=1) + H (n=5) → H+ (n=1) + H (n=1),H (n=1) + H (n=5),H+ (n=1) + H (n=1),18000.0,K,1.50309e-09,cm3/s,1,5,1,1,-4
253,H (n=1) + H (n=5) → H+ (n=1) + H (n=1),H (n=1) + H (n=5),H+ (n=1) + H (n=1),19000.0,K,1.54164e-09,cm3/s,1,5,1,1,-4
253,H (n=1) + H (n=5) → H+ (n=1) + H (n=1),H (n=1) + H (n=5),H+ (n=1) + H (n=1),20000.0,K,1.58776e-09,cm3/s,1,5,1,1,-4
254,H (n=1) + H (n=6) → H+ (n=1) + H (n=1),H (n=1) + H (n=6),H+ (n=1) + H (n=1),3000.0,K,2.06711e-10,cm3/s,1,6,1,1,-5
254,H (n=1) + H (n=6) → H+ (n=1) + H (n=1),H (n=1) + H (n=6),H+ (n=1) + H (n=1),3500.0,K,2.68577e-10,cm3/s,1,6,1,1,-5
254,H (n=1) + H (n=6) → H+ (n=1) + H (n=1),H (n=1) + H (n=6),H+ (n=1) + H (n=1),4000.0,K,3.27968e-10,cm3/s,1,6,1,1,-5
254,H (n=1) + H (n=6) → H+ (n=1) + H (n=1),H (n=1) + H (n=6),H+ (n=1) + H (n=1),4500.0,K,3.84319e-10,cm3/s,1,6,1,1,-5
254,H (n=1) + H (n=6) → H+ (n=1) + H (n=1),H (n=1) + H (n=6),H+ (n=1) + H (n=1),5000.0,K,4.37582e-10,cm3/s,1,6,1,1,-5
254,H (n=1) + H (n=6) → H+ (n=1) + H (n=1),H (n=1) + H (n=6),H+ (n=1) + H (n=1),5500.0,K,4.87792e-10,cm3/s,1,6,1,1,-5
254,H (n=1) + H (n=6) → H+ (n=1) + H (n=1),H (n=1) + H (n=6),H+ (n=1) + H (n=1),6000.0,K,5.35424e-10,cm3/s,1,6,1,1,-5
254,H (n=1) + H (n=6) → H+ (n=1) + H (n=1),H (n=1) + H (n=6),H+ (n=1) + H (n=1),6500.0,K,5.79012e-10,cm3/s,1,6,1,1,-5
254,H (n=1) + H (n=6) → H+ (n=1) + H (n=1),H (n=1) + H (n=6),H+ (n=1) + H (n=1),7000.0,K,6.2025e-10,cm3/s,1,6,1,1,-5
254,H (n=1) + H (n=6) → H+ (n=1) + H (n=1),H (n=1) + H (n=6),H+ (n=1) + H (n=1),7500.0,K,6.579e-10,cm3/s,1,6,1,1,-5
254,H (n=1) + H (n=6) → H+ (n=1) + H (n=1),H (n=1) + H (n=6),H+ (n=1) + H (n=1),8000.0,K,6.94868e-10,cm3/s,1,6,1,1,-5
254,H (n=1) + H (n=6) → H+ (n=1) + H (n=1),H (n=1) + H (n=6),H+ (n=1) + H (n=1),8500.0,K,7.2864e-10,cm3/s,1,6,1,1,-5
254,H (n=1) + H (n=6) → H+ (n=1) + H (n=1),H (n=1) + H (n=6),H+ (n=1) + H (n=1),9000.0,K,7.61244e-10,cm3/s,1,6,1,1,-5
254,H (n=1) + H (n=6) → H+ (n=1) + H (n=1),H (n=1) + H (n=6),H+ (n=1) + H (n=1),9500.0,K,7.91049e-10,cm3/s,1,6,1,1,-5
254,H (n=1) + H (n=6) → H+ (n=1) + H (n=1),H (n=1) + H (n=6),H+ (n=1) + H (n=1),10000.0,K,8.20531e-10,cm3/s,1,6,1,1,-5
254,H (n=1) + H (n=6) → H+ (n=1) + H (n=1),H (n=1) + H (n=6),H+ (n=1) + H (n=1),11000.0,K,8.7256e-10,cm3/s,1,6,1,1,-5
254,H (n=1) + H (n=6) → H+ (n=1) + H (n=1),H (n=1) + H (n=6),H+ (n=1) + H (n=1),12000.0,K,9.2124e-10,cm3/s,1,6,1,1,-5
254,H (n=1) + H (n=6) → H+ (n=1) + H (n=1),H (n=1) + H (n=6),H+ (n=1) + H (n=1),13000.0,K,9.5904e-10,cm3/s,1,6,1,1,-5
254,H (n=1) + H (n=6) → H+ (n=1) + H (n=1),H (n=1) + H (n=6),H+ (n=1) + H (n=1),14000.0,K,1.0051e-09,cm3/s,1,6,1,1,-5
254,H (n=1) + H (n=6) → H+ (n=1) + H (n=1),H (n=1) + H (n=6),H+ (n=1) + H (n=1),15000.0,K,1.04194e-09,cm3/s,1,6,1,1,-5
254,H (n=1) + H (n=6) → H+ (n=1) + H (n=1),H (n=1) + H (n=6),H+ (n=1) + H (n=1),16000.0,K,1.0692e-09,cm3/s,1,6,1,1,-5
254,H (n=1) + H (n=6) → H+ (n=1) + H (n=1),H (n=1) + H (n=6),H+ (n=1) + H (n=1),17000.0,K,1.10454e-09,cm3/s,1,6,1,1,-5
254,H (n=1) + H (n=6) → H+ (n=1) + H (n=1),H (n=1) + H (n=6),H+ (n=1) + H (n=1),18000.0,K,1.13e-09,cm3/s,1,6,1,1,-5
254,H (n=1) + H (n=6) → H+ (n=1) + H (n=1),H (n=1) + H (n=6),H+ (n=1) + H (n=1),19000.0,K,1.1557e-09,cm3/s,1,6,1,1,-5
254,H (n=1) + H (n=6) → H+ (n=1) + H (n=1),H (n=1) + H (n=6),H+ (n=1) + H (n=1),20000.0,K,1.18035e-09,cm3/s,1,6,1,1,-5
255,H (n=7) + H (n=1) → H+ (n=1) + H (n=1),H (n=7) + H (n=1),H+ (n=1) + H (n=1),3000.0,K,2.15221e-10,cm3/s,1,7,1,1,-6
255,H (n=7) + H (n=1) → H+ (n=1) + H (n=1),H (n=7) + H (n=1),H+ (n=1) + H (n=1),3500.0,K,2.63546e-10,cm3/s,1,7,1,1,-6
255,H (n=7) + H (n=1) → H+ (n=1) + H (n=1),H (n=7) + H (n=1),H+ (n=1) + H (n=1),4000.0,K,3.07895e-10,cm3/s,1,7,1,1,-6
255,H (n=7) + H (n=1) → H+ (n=1) + H (n=1),H (n=7) + H (n=1),H+ (n=1) + H (n=1),4500.0,K,3.485e-10,cm3/s,1,7,1,1,-6
255,H (n=7) + H (n=1) → H+ (n=1) + H (n=1),H (n=7) + H (n=1),H+ (n=1) + H (n=1),5000.0,K,3.85359e-10,cm3/s,1,7,1,1,-6
255,H (n=7) + H (n=1) → H+ (n=1) + H (n=1),H (n=7) + H (n=1),H+ (n=1) + H (n=1),5500.0,K,4.19998e-10,cm3/s,1,7,1,1,-6
255,H (n=7) + H (n=1) → H+ (n=1) + H (n=1),H (n=7) + H (n=1),H+ (n=1) + H (n=1),6000.0,K,4.50585e-10,cm3/s,1,7,1,1,-6
255,H (n=7) + H (n=1) → H+ (n=1) + H (n=1),H (n=7) + H (n=1),H+ (n=1) + H (n=1),6500.0,K,4.79366e-10,cm3/s,1,7,1,1,-6
255,H (n=7) + H (n=1) → H+ (n=1) + H (n=1),H (n=7) + H (n=1),H+ (n=1) + H (n=1),7000.0,K,5.0546e-10,cm3/s,1,7,1,1,-6
255,H (n=7) + H (n=1) → H+ (n=1) + H (n=1),H (n=7) + H (n=1),H+ (n=1) + H (n=1),7500.0,K,5.3055e-10,cm3/s,1,7,1,1,-6
255,H (n=7) + H (n=1) → H+ (n=1) + H (n=1),H (n=7) + H (n=1),H+ (n=1) + H (n=1),8000.0,K,5.53354e-10,cm3/s,1,7,1,1,-6
255,H (n=7) + H (n=1) → H+ (n=1) + H (n=1),H (n=7) + H (n=1),H+ (n=1) + H (n=1),8500.0,K,5.74221e-10,cm3/s,1,7,1,1,-6
255,H (n=7) + H (n=1) → H+ (n=1) + H (n=1),H (n=7) + H (n=1),H+ (n=1) + H (n=1),9000.0,K,5.9388e-10,cm3/s,1,7,1,1,-6
255,H (n=7) + H (n=1) → H+ (n=1) + H (n=1),H (n=7) + H (n=1),H+ (n=1) + H (n=1),9500.0,K,6.12978e-10,cm3/s,1,7,1,1,-6
255,H (n=7) + H (n=1) → H+ (n=1) + H (n=1),H (n=7) + H (n=1),H+ (n=1) + H (n=1),10000.0,K,6.30016e-10,cm3/s,1,7,1,1,-6
255,H (n=7) + H (n=1) → H+ (n=1) + H (n=1),H (n=7) + H (n=1),H+ (n=1) + H (n=1),11000.0,K,6.61309e-10,cm3/s,1,7,1,1,-6
255,H (n=7) + H (n=1) → H+ (n=1) + H (n=1),H (n=7) + H (n=1),H+ (n=1) + H (n=1),12000.0,K,6.89823e-10,cm3/s,1,7,1,1,-6
255,H (n=7) + H (n=1) → H+ (n=1) + H (n=1),H (n=7) + H (n=1),H+ (n=1) + H (n=1),13000.0,K,7.1467e-10,cm3/s,1,7,1,1,-6
255,H (n=7) + H (n=1) → H+ (n=1) + H (n=1),H (n=7) + H (n=1),H+ (n=1) + H (n=1),14000.0,K,7.37258e-10,cm3/s,1,7,1,1,-6
255,H (n=7) + H (n=1) → H+ (n=1) + H (n=1),H (n=7) + H (n=1),H+ (n=1) + H (n=1),15000.0,K,7.57485e-10,cm3/s,1,7,1,1,-6
255,H (n=7) + H (n=1) → H+ (n=1) + H (n=1),H (n=7) + H (n=1),H+ (n=1) + H (n=1),16000.0,K,7.77024e-10,cm3/s,1,7,1,1,-6
255,H (n=7) + H (n=1) → H+ (n=1) + H (n=1),H (n=7) + H (n=1),H+ (n=1) + H (n=1),17000.0,K,7.93205e-10,cm3/s,1,7,1,1,-6
255,H (n=7) + H (n=1) → H+ (n=1) + H (n=1),H (n=7) + H (n=1),H+ (n=1) + H (n=1),18000.0,K,8.09516e-10,cm3/s,1,7,1,1,-6
255,H (n=7) + H (n=1) → H+ (n=1) + H (n=1),H (n=7) + H (n=1),H+ (n=1) + H (n=1),19000.0,K,8.24103e-10,cm3/s,1,7,1,1,-6
255,H (n=7) + H (n=1) → H+ (n=1) + H (n=1),H (n=7) + H (n=1),H+ (n=1) + H (n=1),20000.0,K,8.379e-10,cm3/s,1,7,1,1,-6
256,H (n=8) + H (n=1) → H+ (n=1) + H (n=1),H (n=8) + H (n=1),H+ (n=1) + H (n=1),3000.0,K,1.96758e-10,cm3/s,1,8,1,1,-7
256,H (n=8) + H (n=1) → H+ (n=1) + H (n=1),H (n=8) + H (n=1),H+ (n=1) + H (n=1),3500.0,K,2.31868e-10,cm3/s,1,8,1,1,-7
256,H (n=8) + H (n=1) → H+ (n=1) + H (n=1),H (n=8) + H (n=1),H+ (n=1) + H (n=1),4000.0,K,2.63154e-10,cm3/s,1,8,1,1,-7
256,H (n=8) + H (n=1) → H+ (n=1) + H (n=1),H (n=8) + H (n=1),H+ (n=1) + H (n=1),4500.0,K,2.90194e-10,cm3/s,1,8,1,1,-7
256,H (n=8) + H (n=1) → H+ (n=1) + H (n=1),H (n=8) + H (n=1),H+ (n=1) + H (n=1),5000.0,K,3.1529e-10,cm3/s,1,8,1,1,-7
256,H (n=8) + H (n=1) → H+ (n=1) + H (n=1),H (n=8) + H (n=1),H+ (n=1) + H (n=1),5500.0,K,3.37264e-10,cm3/s,1,8,1,1,-7
256,H (n=8) + H (n=1) → H+ (n=1) + H (n=1),H (n=8) + H (n=1),H+ (n=1) + H (n=1),6000.0,K,3.5778e-10,cm3/s,1,8,1,1,-7
256,H (n=8) + H (n=1) → H+ (n=1) + H (n=1),H (n=8) + H (n=1),H+ (n=1) + H (n=1),6500.0,K,3.7628e-10,cm3/s,1,8,1,1,-7
256,H (n=8) + H (n=1) → H+ (n=1) + H (n=1),H (n=8) + H (n=1),H+ (n=1) + H (n=1),7000.0,K,3.93063e-10,cm3/s,1,8,1,1,-7
256,H (n=8) + H (n=1) → H+ (n=1) + H (n=1),H (n=8) + H (n=1),H+ (n=1) + H (n=1),7500.0,K,4.0837e-10,cm3/s,1,8,1,1,-7
256,H (n=8) + H (n=1) → H+ (n=1) + H (n=1),H (n=8) + H (n=1),H+ (n=1) + H (n=1),8000.0,K,4.22947e-10,cm3/s,1,8,1,1,-7
256,H (n=8) + H (n=1) → H+ (n=1) + H (n=1),H (n=8) + H (n=1),H+ (n=1) + H (n=1),8500.0,K,4.35513e-10,cm3/s,1,8,1,1,-7
256,H (n=8) + H (n=1) → H+ (n=1) + H (n=1),H (n=8) + H (n=1),H+ (n=1) + H (n=1),9000.0,K,4.47372e-10,cm3/s,1,8,1,1,-7
256,H (n=8) + H (n=1) → H+ (n=1) + H (n=1),H (n=8) + H (n=1),H+ (n=1) + H (n=1),9500.0,K,4.5885e-10,cm3/s,1,8,1,1,-7
256,H (n=8) + H (n=1) → H+ (n=1) + H (n=1),H (n=8) + H (n=1),H+ (n=1) + H (n=1),10000.0,K,4.6904e-10,cm3/s,1,8,1,1,-7
256,H (n=8) + H (n=1) → H+ (n=1) + H (n=1),H (n=8) + H (n=1),H+ (n=1) + H (n=1),11000.0,K,4.88268e-10,cm3/s,1,8,1,1,-7
256,H (n=8) + H (n=1) → H+ (n=1) + H (n=1),H (n=8) + H (n=1),H+ (n=1) + H (n=1),12000.0,K,5.05461e-10,cm3/s,1,8,1,1,-7
256,H (n=8) + H (n=1) → H+ (n=1) + H (n=1),H (n=8) + H (n=1),H+ (n=1) + H (n=1),13000.0,K,5.20284e-10,cm3/s,1,8,1,1,-7
256,H (n=8) + H (n=1) → H+ (n=1) + H (n=1),H (n=8) + H (n=1),H+ (n=1) + H (n=1),14000.0,K,5.33445e-10,cm3/s,1,8,1,1,-7
256,H (n=8) + H (n=1) → H+ (n=1) + H (n=1),H (n=8) + H (n=1),H+ (n=1) + H (n=1),15000.0,K,5.45232e-10,cm3/s,1,8,1,1,-7
256,H (n=8) + H (n=1) → H+ (n=1) + H (n=1),H (n=8) + H (n=1),H+ (n=1) + H (n=1),16000.0,K,5.56526e-10,cm3/s,1,8,1,1,-7
256,H (n=8) + H (n=1) → H+ (n=1) + H (n=1),H (n=8) + H (n=1),H+ (n=1) + H (n=1),17000.0,K,5.66048e-10,cm3/s,1,8,1,1,-7
256,H (n=8) + H (n=1) → H+ (n=1) + H (n=1),H (n=8) + H (n=1),H+ (n=1) + H (n=1),18000.0,K,5.7596e-10,cm3/s,1,8,1,1,-7
256,H (n=8) + H (n=1) → H+ (n=1) + H (n=1),H (n=8) + H (n=1),H+ (n=1) + H (n=1),19000.0,K,5.84058e-10,cm3/s,1,8,1,1,-7
256,H (n=8) + H (n=1) → H+ (n=1) + H (n=1),H (n=8) + H (n=1),H+ (n=1) + H (n=1),20000.0,K,5.91576e-10,cm3/s,1,8,1,1,-7
257,H (n=9) + H (n=1) → H+ (n=1) + H (n=1),H (n=9) + H (n=1),H+ (n=1) + H (n=1),3000.0,K,1.69336e-10,cm3/s,1,9,1,1,-8
257,H (n=9) + H (n=1) → H+ (n=1) + H (n=1),H (n=9) + H (n=1),H+ (n=1) + H (n=1),3500.0,K,1.93715e-10,cm3/s,1,9,1,1,-8
257,H (n=9) + H (n=1) → H+ (n=1) + H (n=1),H (n=9) + H (n=1),H+ (n=1) + H (n=1),4000.0,K,2.15363e-10,cm3/s,1,9,1,1,-8
257,H (n=9) + H (n=1) → H+ (n=1) + H (n=1),H (n=9) + H (n=1),H+ (n=1) + H (n=1),4500.0,K,2.33632e-10,cm3/s,1,9,1,1,-8
257,H (n=9) + H (n=1) → H+ (n=1) + H (n=1),H (n=9) + H (n=1),H+ (n=1) + H (n=1),5000.0,K,2.49733e-10,cm3/s,1,9,1,1,-8
257,H (n=9) + H (n=1) → H+ (n=1) + H (n=1),H (n=9) + H (n=1),H+ (n=1) + H (n=1),5500.0,K,2.6486e-10,cm3/s,1,9,1,1,-8
257,H (n=9) + H (n=1) → H+ (n=1) + H (n=1),H (n=9) + H (n=1),H+ (n=1) + H (n=1),6000.0,K,2.77722e-10,cm3/s,1,9,1,1,-8
257,H (n=9) + H (n=1) → H+ (n=1) + H (n=1),H (n=9) + H (n=1),H+ (n=1) + H (n=1),6500.0,K,2.89332e-10,cm3/s,1,9,1,1,-8
257,H (n=9) + H (n=1) → H+ (n=1) + H (n=1),H (n=9) + H (n=1),H+ (n=1) + H (n=1),7000.0,K,3.00456e-10,cm3/s,1,9,1,1,-8
257,H (n=9) + H (n=1) → H+ (n=1) + H (n=1),H (n=9) + H (n=1),H+ (n=1) + H (n=1),7500.0,K,3.0967e-10,cm3/s,1,9,1,1,-8
257,H (n=9) + H (n=1) → H+ (n=1) + H (n=1),H (n=9) + H (n=1),H+ (n=1) + H (n=1),8000.0,K,3.18645e-10,cm3/s,1,9,1,1,-8
257,H (n=9) + H (n=1) → H+ (n=1) + H (n=1),H (n=9) + H (n=1),H+ (n=1) + H (n=1),8500.0,K,3.2736e-10,cm3/s,1,9,1,1,-8
257,H (n=9) + H (n=1) → H+ (n=1) + H (n=1),H (n=9) + H (n=1),H+ (n=1) + H (n=1),9000.0,K,3.34399e-10,cm3/s,1,9,1,1,-8
257,H (n=9) + H (n=1) → H+ (n=1) + H (n=1),H (n=9) + H (n=1),H+ (n=1) + H (n=1),9500.0,K,3.42019e-10,cm3/s,1,9,1,1,-8
257,H (n=9) + H (n=1) → H+ (n=1) + H (n=1),H (n=9) + H (n=1),H+ (n=1) + H (n=1),10000.0,K,3.48424e-10,cm3/s,1,9,1,1,-8
257,H (n=9) + H (n=1) → H+ (n=1) + H (n=1),H (n=9) + H (n=1),H+ (n=1) + H (n=1),11000.0,K,3.60079e-10,cm3/s,1,9,1,1,-8
257,H (n=9) + H (n=1) → H+ (n=1) + H (n=1),H (n=9) + H (n=1),H+ (n=1) + H (n=1),12000.0,K,3.7098e-10,cm3/s,1,9,1,1,-8
257,H (n=9) + H (n=1) → H+ (n=1) + H (n=1),H (n=9) + H (n=1),H+ (n=1) + H (n=1),13000.0,K,3.79864e-10,cm3/s,1,9,1,1,-8
257,H (n=9) + H (n=1) → H+ (n=1) + H (n=1),H (n=9) + H (n=1),H+ (n=1) + H (n=1),14000.0,K,3.87904e-10,cm3/s,1,9,1,1,-8
257,H (n=9) + H (n=1) → H+ (n=1) + H (n=1),H (n=9) + H (n=1),H+ (n=1) + H (n=1),15000.0,K,3.94659e-10,cm3/s,1,9,1,1,-8
257,H (n=9) + H (n=1) → H+ (n=1) + H (n=1),H (n=9) + H (n=1),H+ (n=1) + H (n=1),16000.0,K,4.01973e-10,cm3/s,1,9,1,1,-8
257,H (n=9) + H (n=1) → H+ (n=1) + H (n=1),H (n=9) + H (n=1),H+ (n=1) + H (n=1),17000.0,K,4.07453e-10,cm3/s,1,9,1,1,-8
257,H (n=9) + H (n=1) → H+ (n=1) + H (n=1),H (n=9) + H (n=1),H+ (n=1) + H (n=1),18000.0,K,4.12965e-10,cm3/s,1,9,1,1,-8
257,H (n=9) + H (n=1) → H+ (n=1) + H (n=1),H (n=9) + H (n=1),H+ (n=1) + H (n=1),19000.0,K,4.18068e-10,cm3/s,1,9,1,1,-8
257,H (n=9) + H (n=1) → H+ (n=1) + H (n=1),H (n=9) + H (n=1),H+ (n=1) + H (n=1),20000.0,K,4.23195e-10,cm3/s,1,9,1,1,-8
258,H (n=10) + H (n=1) → H+ (n=1) + H (n=1),H (n=10) + H (n=1),H+ (n=1) + H (n=1),3000.0,K,1.40928e-10,cm3/s,1,10,1,1,-9
258,H (n=10) + H (n=1) → H+ (n=1) + H (n=1),H (n=10) + H (n=1),H+ (n=1) + H (n=1),3500.0,K,1.58002e-10,cm3/s,1,10,1,1,-9
258,H (n=10) + H (n=1) → H+ (n=1) + H (n=1),H (n=10) + H (n=1),H+ (n=1) + H (n=1),4000.0,K,1.71864e-10,cm3/s,1,10,1,1,-9
258,H (n=10) + H (n=1) → H+ (n=1) + H (n=1),H (n=10) + H (n=1),H+ (n=1) + H (n=1),4500.0,K,1.85364e-10,cm3/s,1,10,1,1,-9
258,H (n=10) + H (n=1) → H+ (n=1) + H (n=1),H (n=10) + H (n=1),H+ (n=1) + H (n=1),5000.0,K,1.9588e-10,cm3/s,1,10,1,1,-9
258,H (n=10) + H (n=1) → H+ (n=1) + H (n=1),H (n=10) + H (n=1),H+ (n=1) + H (n=1),5500.0,K,2.05936e-10,cm3/s,1,10,1,1,-9
258,H (n=10) + H (n=1) → H+ (n=1) + H (n=1),H (n=10) + H (n=1),H+ (n=1) + H (n=1),6000.0,K,2.14856e-10,cm3/s,1,10,1,1,-9
258,H (n=10) + H (n=1) → H+ (n=1) + H (n=1),H (n=10) + H (n=1),H+ (n=1) + H (n=1),6500.0,K,2.21952e-10,cm3/s,1,10,1,1,-9
258,H (n=10) + H (n=1) → H+ (n=1) + H (n=1),H (n=10) + H (n=1),H+ (n=1) + H (n=1),7000.0,K,2.2925e-10,cm3/s,1,10,1,1,-9
258,H (n=10) + H (n=1) → H+ (n=1) + H (n=1),H (n=10) + H (n=1),H+ (n=1) + H (n=1),7500.0,K,2.35761e-10,cm3/s,1,10,1,1,-9
258,H (n=10) + H (n=1) → H+ (n=1) + H (n=1),H (n=10) + H (n=1),H+ (n=1) + H (n=1),8000.0,K,2.41461e-10,cm3/s,1,10,1,1,-9
258,H (n=10) + H (n=1) → H+ (n=1) + H (n=1),H (n=10) + H (n=1),H+ (n=1) + H (n=1),8500.0,K,2.46675e-10,cm3/s,1,10,1,1,-9
258,H (n=10) + H (n=1) → H+ (n=1) + H (n=1),H (n=10) + H (n=1),H+ (n=1) + H (n=1),9000.0,K,2.51658e-10,cm3/s,1,10,1,1,-9
258,H (n=10) + H (n=1) → H+ (n=1) + H (n=1),H (n=10) + H (n=1),H+ (n=1) + H (n=1),9500.0,K,2.55774e-10,cm3/s,1,10,1,1,-9
258,H (n=10) + H (n=1) → H+ (n=1) + H (n=1),H (n=10) + H (n=1),H+ (n=1) + H (n=1),10000.0,K,2.5992e-10,cm3/s,1,10,1,1,-9
258,H (n=10) + H (n=1) → H+ (n=1) + H (n=1),H (n=10) + H (n=1),H+ (n=1) + H (n=1),11000.0,K,2.6772e-10,cm3/s,1,10,1,1,-9
258,H (n=10) + H (n=1) → H+ (n=1) + H (n=1),H (n=10) + H (n=1),H+ (n=1) + H (n=1),12000.0,K,2.74392e-10,cm3/s,1,10,1,1,-9
258,H (n=10) + H (n=1) → H+ (n=1) + H (n=1),H (n=10) + H (n=1),H+ (n=1) + H (n=1),13000.0,K,2.799e-10,cm3/s,1,10,1,1,-9
258,H (n=10) + H (n=1) → H+ (n=1) + H (n=1),H (n=10) + H (n=1),H+ (n=1) + H (n=1),14000.0,K,2.85152e-10,cm3/s,1,10,1,1,-9
258,H (n=10) + H (n=1) → H+ (n=1) + H (n=1),H (n=10) + H (n=1),H+ (n=1) + H (n=1),15000.0,K,2.90136e-10,cm3/s,1,10,1,1,-9
258,H (n=10) + H (n=1) → H+ (n=1) + H (n=1),H (n=10) + H (n=1),H+ (n=1) + H (n=1),16000.0,K,2.94206e-10,cm3/s,1,10,1,1,-9
258,H (n=10) + H (n=1) → H+ (n=1) + H (n=1),H (n=10) + H (n=1),H+ (n=1) + H (n=1),17000.0,K,2.97986e-10,cm3/s,1,10,1,1,-9
258,H (n=10) + H (n=1) → H+ (n=1) + H (n=1),H (n=10) + H (n=1),H+ (n=1) + H (n=1),18000.0,K,3.00832e-10,cm3/s,1,10,1,1,-9
258,H (n=10) + H (n=1) → H+ (n=1) + H (n=1),H (n=10) + H (n=1),H+ (n=1) + H (n=1),19000.0,K,3.04645e-10,cm3/s,1,10,1,1,-9
258,H (n=10) + H (n=1) → H+ (n=1) + H (n=1),H (n=10) + H (n=1),H+ (n=1) + H (n=1),20000.0,K,3.07197e-10,cm3/s,1,10,1,1,-9
259,H (n=1) + H (n=11) → H+ (n=1) + H (n=1),H (n=1) + H (n=11),H+ (n=1) + H (n=1),3000.0,K,1.15666e-10,cm3/s,1,11,1,1,-10
259,H (n=1) + H (n=11) → H+ (n=1) + H (n=1),H (n=1) + H (n=11),H+ (n=1) + H (n=1),3500.0,K,1.272e-10,cm3/s,1,11,1,1,-10
259,H (n=1) + H (n=11) → H+ (n=1) + H (n=1),H (n=1) + H (n=11),H+ (n=1) + H (n=1),4000.0,K,1.37424e-10,cm3/s,1,11,1,1,-10
259,H (n=1) + H (n=11) → H+ (n=1) + H (n=1),H (n=1) + H (n=11),H+ (n=1) + H (n=1),4500.0,K,1.46125e-10,cm3/s,1,11,1,1,-10
259,H (n=1) + H (n=11) → H+ (n=1) + H (n=1),H (n=1) + H (n=11),H+ (n=1) + H (n=1),5000.0,K,1.54031e-10,cm3/s,1,11,1,1,-10
259,H (n=1) + H (n=11) → H+ (n=1) + H (n=1),H (n=1) + H (n=11),H+ (n=1) + H (n=1),5500.0,K,1.60518e-10,cm3/s,1,11,1,1,-10
259,H (n=1) + H (n=11) → H+ (n=1) + H (n=1),H (n=1) + H (n=11),H+ (n=1) + H (n=1),6000.0,K,1.6606e-10,cm3/s,1,11,1,1,-10
259,H (n=1) + H (n=11) → H+ (n=1) + H (n=1),H (n=1) + H (n=11),H+ (n=1) + H (n=1),6500.0,K,1.71302e-10,cm3/s,1,11,1,1,-10
259,H (n=1) + H (n=11) → H+ (n=1) + H (n=1),H (n=1) + H (n=11),H+ (n=1) + H (n=1),7000.0,K,1.76418e-10,cm3/s,1,11,1,1,-10
259,H (n=1) + H (n=11) → H+ (n=1) + H (n=1),H (n=1) + H (n=11),H+ (n=1) + H (n=1),7500.0,K,1.80498e-10,cm3/s,1,11,1,1,-10
259,H (n=1) + H (n=11) → H+ (n=1) + H (n=1),H (n=1) + H (n=11),H+ (n=1) + H (n=1),8000.0,K,1.84416e-10,cm3/s,1,11,1,1,-10
259,H (n=1) + H (n=11) → H+ (n=1) + H (n=1),H (n=1) + H (n=11),H+ (n=1) + H (n=1),8500.0,K,1.87254e-10,cm3/s,1,11,1,1,-10
259,H (n=1) + H (n=11) → H+ (n=1) + H (n=1),H (n=1) + H (n=11),H+ (n=1) + H (n=1),9000.0,K,1.91026e-10,cm3/s,1,11,1,1,-10
259,H (n=1) + H (n=11) → H+ (n=1) + H (n=1),H (n=1) + H (n=11),H+ (n=1) + H (n=1),9500.0,K,1.93909e-10,cm3/s,1,11,1,1,-10
259,H (n=1) + H (n=11) → H+ (n=1) + H (n=1),H (n=1) + H (n=11),H+ (n=1) + H (n=1),10000.0,K,1.96599e-10,cm3/s,1,11,1,1,-10
259,H (n=1) + H (n=11) → H+ (n=1) + H (n=1),H (n=1) + H (n=11),H+ (n=1) + H (n=1),11000.0,K,2.0181e-10,cm3/s,1,11,1,1,-10
259,H (n=1) + H (n=11) → H+ (n=1) + H (n=1),H (n=1) + H (n=11),H+ (n=1) + H (n=1),12000.0,K,2.0592e-10,cm3/s,1,11,1,1,-10
259,H (n=1) + H (n=11) → H+ (n=1) + H (n=1),H (n=1) + H (n=11),H+ (n=1) + H (n=1),13000.0,K,2.09843e-10,cm3/s,1,11,1,1,-10
259,H (n=1) + H (n=11) → H+ (n=1) + H (n=1),H (n=1) + H (n=11),H+ (n=1) + H (n=1),14000.0,K,2.12625e-10,cm3/s,1,11,1,1,-10
259,H (n=1) + H (n=11) → H+ (n=1) + H (n=1),H (n=1) + H (n=11),H+ (n=1) + H (n=1),15000.0,K,2.16372e-10,cm3/s,1,11,1,1,-10
259,H (n=1) + H (n=11) → H+ (n=1) + H (n=1),H (n=1) + H (n=11),H+ (n=1) + H (n=1),16000.0,K,2.1896e-10,cm3/s,1,11,1,1,-10
259,H (n=1) + H (n=11) → H+ (n=1) + H (n=1),H (n=1) + H (n=11),H+ (n=1) + H (n=1),17000.0,K,2.20605e-10,cm3/s,1,11,1,1,-10
259,H (n=1) + H (n=11) → H+ (n=1) + H (n=1),H (n=1) + H (n=11),H+ (n=1) + H (n=1),18000.0,K,2.23214e-10,cm3/s,1,11,1,1,-10
259,H (n=1) + H (n=11) → H+ (n=1) + H (n=1),H (n=1) + H (n=11),H+ (n=1) + H (n=1),19000.0,K,2.256e-10,cm3/s,1,11,1,1,-10
259,H (n=1) + H (n=11) → H+ (n=1) + H (n=1),H (n=1) + H (n=11),H+ (n=1) + H (n=1),20000.0,K,2.27268e-10,cm3/s,1,11,1,1,-10
260,H (n=1) + H (n=12) → H+ (n=1) + H (n=1),H (n=1) + H (n=12),H+ (n=1) + H (n=1),3000.0,K,9.4129e-11,cm3/s,1,12,1,1,-11
260,H (n=1) + H (n=12) → H+ (n=1) + H (n=1),H (n=1) + H (n=12),H+ (n=1) + H (n=1),3500.0,K,1.02125e-10,cm3/s,1,12,1,1,-11
260,H (n=1) + H (n=12) → H+ (n=1) + H (n=1),H (n=1) + H (n=12),H+ (n=1) + H (n=1),4000.0,K,1.09647e-10,cm3/s,1,12,1,1,-11
260,H (n=1) + H (n=12) → H+ (n=1) + H (n=1),H (n=1) + H (n=12),H+ (n=1) + H (n=1),4500.0,K,1.16144e-10,cm3/s,1,12,1,1,-11
260,H (n=1) + H (n=12) → H+ (n=1) + H (n=1),H (n=1) + H (n=12),H+ (n=1) + H (n=1),5000.0,K,1.2138e-10,cm3/s,1,12,1,1,-11
260,H (n=1) + H (n=12) → H+ (n=1) + H (n=1),H (n=1) + H (n=12),H+ (n=1) + H (n=1),5500.0,K,1.25554e-10,cm3/s,1,12,1,1,-11
260,H (n=1) + H (n=12) → H+ (n=1) + H (n=1),H (n=1) + H (n=12),H+ (n=1) + H (n=1),6000.0,K,1.29648e-10,cm3/s,1,12,1,1,-11
260,H (n=1) + H (n=12) → H+ (n=1) + H (n=1),H (n=1) + H (n=12),H+ (n=1) + H (n=1),6500.0,K,1.33504e-10,cm3/s,1,12,1,1,-11
260,H (n=1) + H (n=12) → H+ (n=1) + H (n=1),H (n=1) + H (n=12),H+ (n=1) + H (n=1),7000.0,K,1.36353e-10,cm3/s,1,12,1,1,-11
260,H (n=1) + H (n=12) → H+ (n=1) + H (n=1),H (n=1) + H (n=12),H+ (n=1) + H (n=1),7500.0,K,1.39077e-10,cm3/s,1,12,1,1,-11
260,H (n=1) + H (n=12) → H+ (n=1) + H (n=1),H (n=1) + H (n=12),H+ (n=1) + H (n=1),8000.0,K,1.41825e-10,cm3/s,1,12,1,1,-11
260,H (n=1) + H (n=12) → H+ (n=1) + H (n=1),H (n=1) + H (n=12),H+ (n=1) + H (n=1),8500.0,K,1.44283e-10,cm3/s,1,12,1,1,-11
260,H (n=1) + H (n=12) → H+ (n=1) + H (n=1),H (n=1) + H (n=12),H+ (n=1) + H (n=1),9000.0,K,1.46916e-10,cm3/s,1,12,1,1,-11
260,H (n=1) + H (n=12) → H+ (n=1) + H (n=1),H (n=1) + H (n=12),H+ (n=1) + H (n=1),9500.0,K,1.4848e-10,cm3/s,1,12,1,1,-11
260,H (n=1) + H (n=12) → H+ (n=1) + H (n=1),H (n=1) + H (n=12),H+ (n=1) + H (n=1),10000.0,K,1.50822e-10,cm3/s,1,12,1,1,-11
260,H (n=1) + H (n=12) → H+ (n=1) + H (n=1),H (n=1) + H (n=12),H+ (n=1) + H (n=1),11000.0,K,1.53832e-10,cm3/s,1,12,1,1,-11
260,H (n=1) + H (n=12) → H+ (n=1) + H (n=1),H (n=1) + H (n=12),H+ (n=1) + H (n=1),12000.0,K,1.56538e-10,cm3/s,1,12,1,1,-11
260,H (n=1) + H (n=12) → H+ (n=1) + H (n=1),H (n=1) + H (n=12),H+ (n=1) + H (n=1),13000.0,K,1.59096e-10,cm3/s,1,12,1,1,-11
260,H (n=1) + H (n=12) → H+ (n=1) + H (n=1),H (n=1) + H (n=12),H+ (n=1) + H (n=1),14000.0,K,1.6167e-10,cm3/s,1,12,1,1,-11
260,H (n=1) + H (n=12) → H+ (n=1) + H (n=1),H (n=1) + H (n=12),H+ (n=1) + H (n=1),15000.0,K,1.63305e-10,cm3/s,1,12,1,1,-11
260,H (n=1) + H (n=12) → H+ (n=1) + H (n=1),H (n=1) + H (n=12),H+ (n=1) + H (n=1),16000.0,K,1.65734e-10,cm3/s,1,12,1,1,-11
260,H (n=1) + H (n=12) → H+ (n=1) + H (n=1),H (n=1) + H (n=12),H+ (n=1) + H (n=1),17000.0,K,1.6704e-10,cm3/s,1,12,1,1,-11
260,H (n=1) + H (n=12) → H+ (n=1) + H (n=1),H (n=1) + H (n=12),H+ (n=1) + H (n=1),18000.0,K,1.68525e-10,cm3/s,1,12,1,1,-11
260,H (n=1) + H (n=12) → H+ (n=1) + H (n=1),H (n=1) + H (n=12),H+ (n=1) + H (n=1),19000.0,K,1.6984e-10,cm3/s,1,12,1,1,-11
260,H (n=1) + H (n=12) → H+ (n=1) + H (n=1),H (n=1) + H (n=12),H+ (n=1) + H (n=1),20000.0,K,1.71159e-10,cm3/s,1,12,1,1,-11
261,H (n=1) + H (n=13) → H+ (n=1) + H (n=1),H (n=1) + H (n=13),H+ (n=1) + H (n=1),3000.0,K,7.66528e-11,cm3/s,1,13,1,1,-12
261,H (n=1) + H (n=13) → H+ (n=1) + H (n=1),H (n=1) + H (n=13),H+ (n=1) + H (n=1),3500.0,K,8.28476e-11,cm3/s,1,13,1,1,-12
261,H (n=1) + H (n=13) → H+ (n=1) + H (n=1),H (n=1) + H (n=13),H+ (n=1) + H (n=1),4000.0,K,8.7962e-11,cm3/s,1,13,1,1,-12
261,H (n=1) + H (n=13) → H+ (n=1) + H (n=1),H (n=1) + H (n=13),H+ (n=1) + H (n=1),4500.0,K,9.2114e-11,cm3/s,1,13,1,1,-12
261,H (n=1) + H (n=13) → H+ (n=1) + H (n=1),H (n=1) + H (n=13),H+ (n=1) + H (n=1),5000.0,K,9.6029e-11,cm3/s,1,13,1,1,-12
261,H (n=1) + H (n=13) → H+ (n=1) + H (n=1),H (n=1) + H (n=13),H+ (n=1) + H (n=1),5500.0,K,9.968e-11,cm3/s,1,13,1,1,-12
261,H (n=1) + H (n=13) → H+ (n=1) + H (n=1),H (n=1) + H (n=13),H+ (n=1) + H (n=1),6000.0,K,1.02486e-10,cm3/s,1,13,1,1,-12
261,H (n=1) + H (n=13) → H+ (n=1) + H (n=1),H (n=1) + H (n=13),H+ (n=1) + H (n=1),6500.0,K,1.05096e-10,cm3/s,1,13,1,1,-12
261,H (n=1) + H (n=13) → H+ (n=1) + H (n=1),H (n=1) + H (n=13),H+ (n=1) + H (n=1),7000.0,K,1.06821e-10,cm3/s,1,13,1,1,-12
261,H (n=1) + H (n=13) → H+ (n=1) + H (n=1),H (n=1) + H (n=13),H+ (n=1) + H (n=1),7500.0,K,1.09242e-10,cm3/s,1,13,1,1,-12
261,H (n=1) + H (n=13) → H+ (n=1) + H (n=1),H (n=1) + H (n=13),H+ (n=1) + H (n=1),8000.0,K,1.1076e-10,cm3/s,1,13,1,1,-12
261,H (n=1) + H (n=13) → H+ (n=1) + H (n=1),H (n=1) + H (n=13),H+ (n=1) + H (n=1),8500.0,K,1.12288e-10,cm3/s,1,13,1,1,-12
261,H (n=1) + H (n=13) → H+ (n=1) + H (n=1),H (n=1) + H (n=13),H+ (n=1) + H (n=1),9000.0,K,1.13704e-10,cm3/s,1,13,1,1,-12
261,H (n=1) + H (n=13) → H+ (n=1) + H (n=1),H (n=1) + H (n=13),H+ (n=1) + H (n=1),9500.0,K,1.15005e-10,cm3/s,1,13,1,1,-12
261,H (n=1) + H (n=13) → H+ (n=1) + H (n=1),H (n=1) + H (n=13),H+ (n=1) + H (n=1),10000.0,K,1.16312e-10,cm3/s,1,13,1,1,-12
261,H (n=1) + H (n=13) → H+ (n=1) + H (n=1),H (n=1) + H (n=13),H+ (n=1) + H (n=1),11000.0,K,1.18944e-10,cm3/s,1,13,1,1,-12
261,H (n=1) + H (n=13) → H+ (n=1) + H (n=1),H (n=1) + H (n=13),H+ (n=1) + H (n=1),12000.0,K,1.21472e-10,cm3/s,1,13,1,1,-12
261,H (n=1) + H (n=13) → H+ (n=1) + H (n=1),H (n=1) + H (n=13),H+ (n=1) + H (n=1),13000.0,K,1.22937e-10,cm3/s,1,13,1,1,-12
261,H (n=1) + H (n=13) → H+ (n=1) + H (n=1),H (n=1) + H (n=13),H+ (n=1) + H (n=1),14000.0,K,1.2428e-10,cm3/s,1,13,1,1,-12
261,H (n=1) + H (n=13) → H+ (n=1) + H (n=1),H (n=1) + H (n=13),H+ (n=1) + H (n=1),15000.0,K,1.25629e-10,cm3/s,1,13,1,1,-12
261,H (n=1) + H (n=13) → H+ (n=1) + H (n=1),H (n=1) + H (n=13),H+ (n=1) + H (n=1),16000.0,K,1.26984e-10,cm3/s,1,13,1,1,-12
261,H (n=1) + H (n=13) → H+ (n=1) + H (n=1),H (n=1) + H (n=13),H+ (n=1) + H (n=1),17000.0,K,1.28212e-10,cm3/s,1,13,1,1,-12
261,H (n=1) + H (n=13) → H+ (n=1) + H (n=1),H (n=1) + H (n=13),H+ (n=1) + H (n=1),18000.0,K,1.29444e-10,cm3/s,1,13,1,1,-12
261,H (n=1) + H (n=13) → H+ (n=1) + H (n=1),H (n=1) + H (n=13),H+ (n=1) + H (n=1),19000.0,K,1.29712e-10,cm3/s,1,13,1,1,-12
261,H (n=1) + H (n=13) → H+ (n=1) + H (n=1),H (n=1) + H (n=13),H+ (n=1) + H (n=1),20000.0,K,1.3095e-10,cm3/s,1,13,1,1,-12
262,H (n=1) + H (n=14) → H+ (n=1) + H (n=1),H (n=1) + H (n=14),H+ (n=1) + H (n=1),3000.0,K,6.2748e-11,cm3/s,1,14,1,1,-13
262,H (n=1) + H (n=14) → H+ (n=1) + H (n=1),H (n=1) + H (n=14),H+ (n=1) + H (n=1),3500.0,K,6.73141e-11,cm3/s,1,14,1,1,-13
262,H (n=1) + H (n=14) → H+ (n=1) + H (n=1),H (n=1) + H (n=14),H+ (n=1) + H (n=1),4000.0,K,7.10892e-11,cm3/s,1,14,1,1,-13
262,H (n=1) + H (n=14) → H+ (n=1) + H (n=1),H (n=1) + H (n=14),H+ (n=1) + H (n=1),4500.0,K,7.41802e-11,cm3/s,1,14,1,1,-13
262,H (n=1) + H (n=14) → H+ (n=1) + H (n=1),H (n=1) + H (n=14),H+ (n=1) + H (n=1),5000.0,K,7.68904e-11,cm3/s,1,14,1,1,-13
262,H (n=1) + H (n=14) → H+ (n=1) + H (n=1),H (n=1) + H (n=14),H+ (n=1) + H (n=1),5500.0,K,7.91979e-11,cm3/s,1,14,1,1,-13
262,H (n=1) + H (n=14) → H+ (n=1) + H (n=1),H (n=1) + H (n=14),H+ (n=1) + H (n=1),6000.0,K,8.12646e-11,cm3/s,1,14,1,1,-13
262,H (n=1) + H (n=14) → H+ (n=1) + H (n=1),H (n=1) + H (n=14),H+ (n=1) + H (n=1),6500.0,K,8.3082e-11,cm3/s,1,14,1,1,-13
262,H (n=1) + H (n=14) → H+ (n=1) + H (n=1),H (n=1) + H (n=14),H+ (n=1) + H (n=1),7000.0,K,8.4732e-11,cm3/s,1,14,1,1,-13
262,H (n=1) + H (n=14) → H+ (n=1) + H (n=1),H (n=1) + H (n=14),H+ (n=1) + H (n=1),7500.0,K,8.6118e-11,cm3/s,1,14,1,1,-13
262,H (n=1) + H (n=14) → H+ (n=1) + H (n=1),H (n=1) + H (n=14),H+ (n=1) + H (n=1),8000.0,K,8.742e-11,cm3/s,1,14,1,1,-13
262,H (n=1) + H (n=14) → H+ (n=1) + H (n=1),H (n=1) + H (n=14),H+ (n=1) + H (n=1),8500.0,K,8.86366e-11,cm3/s,1,14,1,1,-13
262,H (n=1) + H (n=14) → H+ (n=1) + H (n=1),H (n=1) + H (n=14),H+ (n=1) + H (n=1),9000.0,K,8.97666e-11,cm3/s,1,14,1,1,-13
262,H (n=1) + H (n=14) → H+ (n=1) + H (n=1),H (n=1) + H (n=14),H+ (n=1) + H (n=1),9500.0,K,9.07124e-11,cm3/s,1,14,1,1,-13
262,H (n=1) + H (n=14) → H+ (n=1) + H (n=1),H (n=1) + H (n=14),H+ (n=1) + H (n=1),10000.0,K,9.16624e-11,cm3/s,1,14,1,1,-13
262,H (n=1) + H (n=14) → H+ (n=1) + H (n=1),H (n=1) + H (n=14),H+ (n=1) + H (n=1),11000.0,K,9.32867e-11,cm3/s,1,14,1,1,-13
262,H (n=1) + H (n=14) → H+ (n=1) + H (n=1),H (n=1) + H (n=14),H+ (n=1) + H (n=1),12000.0,K,9.46329e-11,cm3/s,1,14,1,1,-13
262,H (n=1) + H (n=14) → H+ (n=1) + H (n=1),H (n=1) + H (n=14),H+ (n=1) + H (n=1),13000.0,K,9.57e-11,cm3/s,1,14,1,1,-13
262,H (n=1) + H (n=14) → H+ (n=1) + H (n=1),H (n=1) + H (n=14),H+ (n=1) + H (n=1),14000.0,K,9.696e-11,cm3/s,1,14,1,1,-13
262,H (n=1) + H (n=14) → H+ (n=1) + H (n=1),H (n=1) + H (n=14),H+ (n=1) + H (n=1),15000.0,K,9.8226e-11,cm3/s,1,14,1,1,-13
262,H (n=1) + H (n=14) → H+ (n=1) + H (n=1),H (n=1) + H (n=14),H+ (n=1) + H (n=1),16000.0,K,9.843e-11,cm3/s,1,14,1,1,-13
262,H (n=1) + H (n=14) → H+ (n=1) + H (n=1),H (n=1) + H (n=14),H+ (n=1) + H (n=1),17000.0,K,9.9704e-11,cm3/s,1,14,1,1,-13
262,H (n=1) + H (n=14) → H+ (n=1) + H (n=1),H (n=1) + H (n=14),H+ (n=1) + H (n=1),18000.0,K,1.00776e-10,cm3/s,1,14,1,1,-13
262,H (n=1) + H (n=14) → H+ (n=1) + H (n=1),H (n=1) + H (n=14),H+ (n=1) + H (n=1),19000.0,K,1.00984e-10,cm3/s,1,14,1,1,-13
262,H (n=1) + H (n=14) → H+ (n=1) + H (n=1),H (n=1) + H (n=14),H+ (n=1) + H (n=1),20000.0,K,1.01192e-10,cm3/s,1,14,1,1,-13
263,H (n=15) + H (n=1) → H+ (n=1) + H (n=1),H (n=15) + H (n=1),H+ (n=1) + H (n=1),3000.0,K,5.15684e-11,cm3/s,1,15,1,1,-14
263,H (n=15) + H (n=1) → H+ (n=1) + H (n=1),H (n=15) + H (n=1),H+ (n=1) + H (n=1),3500.0,K,5.49504e-11,cm3/s,1,15,1,1,-14
263,H (n=15) + H (n=1) → H+ (n=1) + H (n=1),H (n=15) + H (n=1),H+ (n=1) + H (n=1),4000.0,K,5.77503e-11,cm3/s,1,15,1,1,-14
263,H (n=15) + H (n=1) → H+ (n=1) + H (n=1),H (n=15) + H (n=1),H+ (n=1) + H (n=1),4500.0,K,6.00534e-11,cm3/s,1,15,1,1,-14
263,H (n=15) + H (n=1) → H+ (n=1) + H (n=1),H (n=15) + H (n=1),H+ (n=1) + H (n=1),5000.0,K,6.19888e-11,cm3/s,1,15,1,1,-14
263,H (n=15) + H (n=1) → H+ (n=1) + H (n=1),H (n=15) + H (n=1),H+ (n=1) + H (n=1),5500.0,K,6.37209e-11,cm3/s,1,15,1,1,-14
263,H (n=15) + H (n=1) → H+ (n=1) + H (n=1),H (n=15) + H (n=1),H+ (n=1) + H (n=1),6000.0,K,6.52192e-11,cm3/s,1,15,1,1,-14
263,H (n=15) + H (n=1) → H+ (n=1) + H (n=1),H (n=15) + H (n=1),H+ (n=1) + H (n=1),6500.0,K,6.65684e-11,cm3/s,1,15,1,1,-14
263,H (n=15) + H (n=1) → H+ (n=1) + H (n=1),H (n=15) + H (n=1),H+ (n=1) + H (n=1),7000.0,K,6.7744e-11,cm3/s,1,15,1,1,-14
263,H (n=15) + H (n=1) → H+ (n=1) + H (n=1),H (n=15) + H (n=1),H+ (n=1) + H (n=1),7500.0,K,6.87816e-11,cm3/s,1,15,1,1,-14
263,H (n=15) + H (n=1) → H+ (n=1) + H (n=1),H (n=15) + H (n=1),H+ (n=1) + H (n=1),8000.0,K,6.9732e-11,cm3/s,1,15,1,1,-14
263,H (n=15) + H (n=1) → H+ (n=1) + H (n=1),H (n=15) + H (n=1),H+ (n=1) + H (n=1),8500.0,K,7.0594e-11,cm3/s,1,15,1,1,-14
263,H (n=15) + H (n=1) → H+ (n=1) + H (n=1),H (n=15) + H (n=1),H+ (n=1) + H (n=1),9000.0,K,7.13851e-11,cm3/s,1,15,1,1,-14
263,H (n=15) + H (n=1) → H+ (n=1) + H (n=1),H (n=15) + H (n=1),H+ (n=1) + H (n=1),9500.0,K,7.20852e-11,cm3/s,1,15,1,1,-14
263,H (n=15) + H (n=1) → H+ (n=1) + H (n=1),H (n=15) + H (n=1),H+ (n=1) + H (n=1),10000.0,K,7.27883e-11,cm3/s,1,15,1,1,-14
263,H (n=15) + H (n=1) → H+ (n=1) + H (n=1),H (n=15) + H (n=1),H+ (n=1) + H (n=1),11000.0,K,7.39528e-11,cm3/s,1,15,1,1,-14
263,H (n=15) + H (n=1) → H+ (n=1) + H (n=1),H (n=15) + H (n=1),H+ (n=1) + H (n=1),12000.0,K,7.49331e-11,cm3/s,1,15,1,1,-14
263,H (n=15) + H (n=1) → H+ (n=1) + H (n=1),H (n=15) + H (n=1),H+ (n=1) + H (n=1),13000.0,K,7.5919e-11,cm3/s,1,15,1,1,-14
263,H (n=15) + H (n=1) → H+ (n=1) + H (n=1),H (n=15) + H (n=1),H+ (n=1) + H (n=1),14000.0,K,7.67344e-11,cm3/s,1,15,1,1,-14
263,H (n=15) + H (n=1) → H+ (n=1) + H (n=1),H (n=15) + H (n=1),H+ (n=1) + H (n=1),15000.0,K,7.73766e-11,cm3/s,1,15,1,1,-14
263,H (n=15) + H (n=1) → H+ (n=1) + H (n=1),H (n=15) + H (n=1),H+ (n=1) + H (n=1),16000.0,K,7.80208e-11,cm3/s,1,15,1,1,-14
263,H (n=15) + H (n=1) → H+ (n=1) + H (n=1),H (n=15) + H (n=1),H+ (n=1) + H (n=1),17000.0,K,7.857e-11,cm3/s,1,15,1,1,-14
263,H (n=15) + H (n=1) → H+ (n=1) + H (n=1),H (n=15) + H (n=1),H+ (n=1) + H (n=1),18000.0,K,7.91208e-11,cm3/s,1,15,1,1,-14
263,H (n=15) + H (n=1) → H+ (n=1) + H (n=1),H (n=15) + H (n=1),H+ (n=1) + H (n=1),19000.0,K,7.95758e-11,cm3/s,1,15,1,1,-14
263,H (n=15) + H (n=1) → H+ (n=1) + H (n=1),H (n=15) + H (n=1),H+ (n=1) + H (n=1),20000.0,K,7.995e-11,cm3/s,1,15,1,1,-14
264,H (n=16) + H (n=1) → H+ (n=1) + H (n=1),H (n=16) + H (n=1),H+ (n=1) + H (n=1),3000.0,K,4.26786e-11,cm3/s,1,16,1,1,-15
264,H (n=16) + H (n=1) → H+ (n=1) + H (n=1),H (n=16) + H (n=1),H+ (n=1) + H (n=1),3500.0,K,4.52375e-11,cm3/s,1,16,1,1,-15
264,H (n=16) + H (n=1) → H+ (n=1) + H (n=1),H (n=16) + H (n=1),H+ (n=1) + H (n=1),4000.0,K,4.72948e-11,cm3/s,1,16,1,1,-15
264,H (n=16) + H (n=1) → H+ (n=1) + H (n=1),H (n=16) + H (n=1),H+ (n=1) + H (n=1),4500.0,K,4.905e-11,cm3/s,1,16,1,1,-15
264,H (n=16) + H (n=1) → H+ (n=1) + H (n=1),H (n=16) + H (n=1),H+ (n=1) + H (n=1),5000.0,K,5.04495e-11,cm3/s,1,16,1,1,-15
264,H (n=16) + H (n=1) → H+ (n=1) + H (n=1),H (n=16) + H (n=1),H+ (n=1) + H (n=1),5500.0,K,5.1754e-11,cm3/s,1,16,1,1,-15
264,H (n=16) + H (n=1) → H+ (n=1) + H (n=1),H (n=16) + H (n=1),H+ (n=1) + H (n=1),6000.0,K,5.28879e-11,cm3/s,1,16,1,1,-15
264,H (n=16) + H (n=1) → H+ (n=1) + H (n=1),H (n=16) + H (n=1),H+ (n=1) + H (n=1),6500.0,K,5.3882e-11,cm3/s,1,16,1,1,-15
264,H (n=16) + H (n=1) → H+ (n=1) + H (n=1),H (n=16) + H (n=1),H+ (n=1) + H (n=1),7000.0,K,5.46738e-11,cm3/s,1,16,1,1,-15
264,H (n=16) + H (n=1) → H+ (n=1) + H (n=1),H (n=16) + H (n=1),H+ (n=1) + H (n=1),7500.0,K,5.55296e-11,cm3/s,1,16,1,1,-15
264,H (n=16) + H (n=1) → H+ (n=1) + H (n=1),H (n=16) + H (n=1),H+ (n=1) + H (n=1),8000.0,K,5.61777e-11,cm3/s,1,16,1,1,-15
264,H (n=16) + H (n=1) → H+ (n=1) + H (n=1),H (n=16) + H (n=1),H+ (n=1) + H (n=1),8500.0,K,5.6889e-11,cm3/s,1,16,1,1,-15
264,H (n=16) + H (n=1) → H+ (n=1) + H (n=1),H (n=16) + H (n=1),H+ (n=1) + H (n=1),9000.0,K,5.74488e-11,cm3/s,1,16,1,1,-15
264,H (n=16) + H (n=1) → H+ (n=1) + H (n=1),H (n=16) + H (n=1),H+ (n=1) + H (n=1),9500.0,K,5.795e-11,cm3/s,1,16,1,1,-15
264,H (n=16) + H (n=1) → H+ (n=1) + H (n=1),H (n=16) + H (n=1),H+ (n=1) + H (n=1),10000.0,K,5.85142e-11,cm3/s,1,16,1,1,-15
264,H (n=16) + H (n=1) → H+ (n=1) + H (n=1),H (n=16) + H (n=1),H+ (n=1) + H (n=1),11000.0,K,5.9334e-11,cm3/s,1,16,1,1,-15
264,H (n=16) + H (n=1) → H+ (n=1) + H (n=1),H (n=16) + H (n=1),H+ (n=1) + H (n=1),12000.0,K,6.00625e-11,cm3/s,1,16,1,1,-15
264,H (n=16) + H (n=1) → H+ (n=1) + H (n=1),H (n=16) + H (n=1),H+ (n=1) + H (n=1),13000.0,K,6.0732e-11,cm3/s,1,16,1,1,-15
264,H (n=16) + H (n=1) → H+ (n=1) + H (n=1),H (n=16) + H (n=1),H+ (n=1) + H (n=1),14000.0,K,6.1341e-11,cm3/s,1,16,1,1,-15
264,H (n=16) + H (n=1) → H+ (n=1) + H (n=1),H (n=16) + H (n=1),H+ (n=1) + H (n=1),15000.0,K,6.18222e-11,cm3/s,1,16,1,1,-15
264,H (n=16) + H (n=1) → H+ (n=1) + H (n=1),H (n=16) + H (n=1),H+ (n=1) + H (n=1),16000.0,K,6.23382e-11,cm3/s,1,16,1,1,-15
264,H (n=16) + H (n=1) → H+ (n=1) + H (n=1),H (n=16) + H (n=1),H+ (n=1) + H (n=1),17000.0,K,6.27585e-11,cm3/s,1,16,1,1,-15
264,H (n=16) + H (n=1) → H+ (n=1) + H (n=1),H (n=16) + H (n=1),H+ (n=1) + H (n=1),18000.0,K,6.31152e-11,cm3/s,1,16,1,1,-15
264,H (n=16) + H (n=1) → H+ (n=1) + H (n=1),H (n=16) + H (n=1),H+ (n=1) + H (n=1),19000.0,K,6.344e-11,cm3/s,1,16,1,1,-15
264,H (n=16) + H (n=1) → H+ (n=1) + H (n=1),H (n=16) + H (n=1),H+ (n=1) + H (n=1),20000.0,K,6.37004e-11,cm3/s,1,16,1,1,-15
265,H (n=17) + H (n=1) → H+ (n=1) + H (n=1),H (n=17) + H (n=1),H+ (n=1) + H (n=1),3000.0,K,3.55012e-11,cm3/s,1,17,1,1,-16
265,H (n=17) + H (n=1) → H+ (n=1) + H (n=1),H (n=17) + H (n=1),H+ (n=1) + H (n=1),3500.0,K,3.73932e-11,cm3/s,1,17,1,1,-16
265,H (n=17) + H (n=1) → H+ (n=1) + H (n=1),H (n=17) + H (n=1),H+ (n=1) + H (n=1),4000.0,K,3.90195e-11,cm3/s,1,17,1,1,-16
265,H (n=17) + H (n=1) → H+ (n=1) + H (n=1),H (n=17) + H (n=1),H+ (n=1) + H (n=1),4500.0,K,4.02708e-11,cm3/s,1,17,1,1,-16
265,H (n=17) + H (n=1) → H+ (n=1) + H (n=1),H (n=17) + H (n=1),H+ (n=1) + H (n=1),5000.0,K,4.14032e-11,cm3/s,1,17,1,1,-16
265,H (n=17) + H (n=1) → H+ (n=1) + H (n=1),H (n=17) + H (n=1),H+ (n=1) + H (n=1),5500.0,K,4.23657e-11,cm3/s,1,17,1,1,-16
265,H (n=17) + H (n=1) → H+ (n=1) + H (n=1),H (n=17) + H (n=1),H+ (n=1) + H (n=1),6000.0,K,4.31985e-11,cm3/s,1,17,1,1,-16
265,H (n=17) + H (n=1) → H+ (n=1) + H (n=1),H (n=17) + H (n=1),H+ (n=1) + H (n=1),6500.0,K,4.39914e-11,cm3/s,1,17,1,1,-16
265,H (n=17) + H (n=1) → H+ (n=1) + H (n=1),H (n=17) + H (n=1),H+ (n=1) + H (n=1),7000.0,K,4.46488e-11,cm3/s,1,17,1,1,-16
265,H (n=17) + H (n=1) → H+ (n=1) + H (n=1),H (n=17) + H (n=1),H+ (n=1) + H (n=1),7500.0,K,4.5216e-11,cm3/s,1,17,1,1,-16
265,H (n=17) + H (n=1) → H+ (n=1) + H (n=1),H (n=17) + H (n=1),H+ (n=1) + H (n=1),8000.0,K,4.57864e-11,cm3/s,1,17,1,1,-16
265,H (n=17) + H (n=1) → H+ (n=1) + H (n=1),H (n=17) + H (n=1),H+ (n=1) + H (n=1),8500.0,K,4.62163e-11,cm3/s,1,17,1,1,-16
265,H (n=17) + H (n=1) → H+ (n=1) + H (n=1),H (n=17) + H (n=1),H+ (n=1) + H (n=1),9000.0,K,4.6648e-11,cm3/s,1,17,1,1,-16
265,H (n=17) + H (n=1) → H+ (n=1) + H (n=1),H (n=17) + H (n=1),H+ (n=1) + H (n=1),9500.0,K,4.70322e-11,cm3/s,1,17,1,1,-16
265,H (n=17) + H (n=1) → H+ (n=1) + H (n=1),H (n=17) + H (n=1),H+ (n=1) + H (n=1),10000.0,K,4.74176e-11,cm3/s,1,17,1,1,-16
265,H (n=17) + H (n=1) → H+ (n=1) + H (n=1),H (n=17) + H (n=1),H+ (n=1) + H (n=1),11000.0,K,4.8096e-11,cm3/s,1,17,1,1,-16
265,H (n=17) + H (n=1) → H+ (n=1) + H (n=1),H (n=17) + H (n=1),H+ (n=1) + H (n=1),12000.0,K,4.8682e-11,cm3/s,1,17,1,1,-16
265,H (n=17) + H (n=1) → H+ (n=1) + H (n=1),H (n=17) + H (n=1),H+ (n=1) + H (n=1),13000.0,K,4.91694e-11,cm3/s,1,17,1,1,-16
265,H (n=17) + H (n=1) → H+ (n=1) + H (n=1),H (n=17) + H (n=1),H+ (n=1) + H (n=1),14000.0,K,4.96128e-11,cm3/s,1,17,1,1,-16
265,H (n=17) + H (n=1) → H+ (n=1) + H (n=1),H (n=17) + H (n=1),H+ (n=1) + H (n=1),15000.0,K,5.00065e-11,cm3/s,1,17,1,1,-16
265,H (n=17) + H (n=1) → H+ (n=1) + H (n=1),H (n=17) + H (n=1),H+ (n=1) + H (n=1),16000.0,K,5.03041e-11,cm3/s,1,17,1,1,-16
265,H (n=17) + H (n=1) → H+ (n=1) + H (n=1),H (n=17) + H (n=1),H+ (n=1) + H (n=1),17000.0,K,5.06025e-11,cm3/s,1,17,1,1,-16
265,H (n=17) + H (n=1) → H+ (n=1) + H (n=1),H (n=17) + H (n=1),H+ (n=1) + H (n=1),18000.0,K,5.08496e-11,cm3/s,1,17,1,1,-16
265,H (n=17) + H (n=1) → H+ (n=1) + H (n=1),H (n=17) + H (n=1),H+ (n=1) + H (n=1),19000.0,K,5.10971e-11,cm3/s,1,17,1,1,-16
265,H (n=17) + H (n=1) → H+ (n=1) + H (n=1),H (n=17) + H (n=1),H+ (n=1) + H (n=1),20000.0,K,5.13975e-11,cm3/s,1,17,1,1,-16
266,H (n=18) + H (n=1) → H+ (n=1) + H (n=1),H (n=18) + H (n=1),H+ (n=1) + H (n=1),3000.0,K,2.97303e-11,cm3/s,1,18,1,1,-17
266,H (n=18) + H (n=1) → H+ (n=1) + H (n=1),H (n=18) + H (n=1),H+ (n=1) + H (n=1),3500.0,K,3.11308e-11,cm3/s,1,18,1,1,-17
266,H (n=18) + H (n=1) → H+ (n=1) + H (n=1),H (n=18) + H (n=1),H+ (n=1) + H (n=1),4000.0,K,3.23632e-11,cm3/s,1,18,1,1,-17
266,H (n=18) + H (n=1) → H+ (n=1) + H (n=1),H (n=18) + H (n=1),H+ (n=1) + H (n=1),4500.0,K,3.3361e-11,cm3/s,1,18,1,1,-17
266,H (n=18) + H (n=1) → H+ (n=1) + H (n=1),H (n=18) + H (n=1),H+ (n=1) + H (n=1),5000.0,K,3.42984e-11,cm3/s,1,18,1,1,-17
266,H (n=18) + H (n=1) → H+ (n=1) + H (n=1),H (n=18) + H (n=1),H+ (n=1) + H (n=1),5500.0,K,3.49856e-11,cm3/s,1,18,1,1,-17
266,H (n=18) + H (n=1) → H+ (n=1) + H (n=1),H (n=18) + H (n=1),H+ (n=1) + H (n=1),6000.0,K,3.56788e-11,cm3/s,1,18,1,1,-17
266,H (n=18) + H (n=1) → H+ (n=1) + H (n=1),H (n=18) + H (n=1),H+ (n=1) + H (n=1),6500.0,K,3.62068e-11,cm3/s,1,18,1,1,-17
266,H (n=18) + H (n=1) → H+ (n=1) + H (n=1),H (n=18) + H (n=1),H+ (n=1) + H (n=1),7000.0,K,3.66827e-11,cm3/s,1,18,1,1,-17
266,H (n=18) + H (n=1) → H+ (n=1) + H (n=1),H (n=18) + H (n=1),H+ (n=1) + H (n=1),7500.0,K,3.71778e-11,cm3/s,1,18,1,1,-17
266,H (n=18) + H (n=1) → H+ (n=1) + H (n=1),H (n=18) + H (n=1),H+ (n=1) + H (n=1),8000.0,K,3.75804e-11,cm3/s,1,18,1,1,-17
266,H (n=18) + H (n=1) → H+ (n=1) + H (n=1),H (n=18) + H (n=1),H+ (n=1) + H (n=1),8500.0,K,3.78896e-11,cm3/s,1,18,1,1,-17
266,H (n=18) + H (n=1) → H+ (n=1) + H (n=1),H (n=18) + H (n=1),H+ (n=1) + H (n=1),9000.0,K,3.82955e-11,cm3/s,1,18,1,1,-17
266,H (n=18) + H (n=1) → H+ (n=1) + H (n=1),H (n=18) + H (n=1),H+ (n=1) + H (n=1),9500.0,K,3.85671e-11,cm3/s,1,18,1,1,-17
266,H (n=18) + H (n=1) → H+ (n=1) + H (n=1),H (n=18) + H (n=1),H+ (n=1) + H (n=1),10000.0,K,3.88395e-11,cm3/s,1,18,1,1,-17
266,H (n=18) + H (n=1) → H+ (n=1) + H (n=1),H (n=18) + H (n=1),H+ (n=1) + H (n=1),11000.0,K,3.93867e-11,cm3/s,1,18,1,1,-17
266,H (n=18) + H (n=1) → H+ (n=1) + H (n=1),H (n=18) + H (n=1),H+ (n=1) + H (n=1),12000.0,K,3.97992e-11,cm3/s,1,18,1,1,-17
266,H (n=18) + H (n=1) → H+ (n=1) + H (n=1),H (n=18) + H (n=1),H+ (n=1) + H (n=1),13000.0,K,4.01166e-11,cm3/s,1,18,1,1,-17
266,H (n=18) + H (n=1) → H+ (n=1) + H (n=1),H (n=18) + H (n=1),H+ (n=1) + H (n=1),14000.0,K,4.04907e-11,cm3/s,1,18,1,1,-17
266,H (n=18) + H (n=1) → H+ (n=1) + H (n=1),H (n=18) + H (n=1),H+ (n=1) + H (n=1),15000.0,K,4.07687e-11,cm3/s,1,18,1,1,-17
266,H (n=18) + H (n=1) → H+ (n=1) + H (n=1),H (n=18) + H (n=1),H+ (n=1) + H (n=1),16000.0,K,4.10475e-11,cm3/s,1,18,1,1,-17
266,H (n=18) + H (n=1) → H+ (n=1) + H (n=1),H (n=18) + H (n=1),H+ (n=1) + H (n=1),17000.0,K,4.12848e-11,cm3/s,1,18,1,1,-17
266,H (n=18) + H (n=1) → H+ (n=1) + H (n=1),H (n=18) + H (n=1),H+ (n=1) + H (n=1),18000.0,K,4.14672e-11,cm3/s,1,18,1,1,-17
266,H (n=18) + H (n=1) → H+ (n=1) + H (n=1),H (n=18) + H (n=1),H+ (n=1) + H (n=1),19000.0,K,4.17054e-11,cm3/s,1,18,1,1,-17
266,H (n=18) + H (n=1) → H+ (n=1) + H (n=1),H (n=18) + H (n=1),H+ (n=1) + H (n=1),20000.0,K,4.1846e-11,cm3/s,1,18,1,1,-17
267,H (n=1) + H (n=19) → H+ (n=1) + H (n=1),H (n=1) + H (n=19),H+ (n=1) + H (n=1),3000.0,K,2.4957e-11,cm3/s,1,19,1,1,-18
267,H (n=1) + H (n=19) → H+ (n=1) + H (n=1),H (n=1) + H (n=19),H+ (n=1) + H (n=1),3500.0,K,2.61609e-11,cm3/s,1,19,1,1,-18
267,H (n=1) + H (n=19) → H+ (n=1) + H (n=1),H (n=1) + H (n=19),H+ (n=1) + H (n=1),4000.0,K,2.7027e-11,cm3/s,1,19,1,1,-18
267,H (n=1) + H (n=19) → H+ (n=1) + H (n=1),H (n=1) + H (n=19),H+ (n=1) + H (n=1),4500.0,K,2.78457e-11,cm3/s,1,19,1,1,-18
267,H (n=1) + H (n=19) → H+ (n=1) + H (n=1),H (n=1) + H (n=19),H+ (n=1) + H (n=1),5000.0,K,2.85516e-11,cm3/s,1,19,1,1,-18
267,H (n=1) + H (n=19) → H+ (n=1) + H (n=1),H (n=1) + H (n=19),H+ (n=1) + H (n=1),5500.0,K,2.91096e-11,cm3/s,1,19,1,1,-18
267,H (n=1) + H (n=19) → H+ (n=1) + H (n=1),H (n=1) + H (n=19),H+ (n=1) + H (n=1),6000.0,K,2.96408e-11,cm3/s,1,19,1,1,-18
267,H (n=1) + H (n=19) → H+ (n=1) + H (n=1),H (n=1) + H (n=19),H+ (n=1) + H (n=1),6500.0,K,3.00498e-11,cm3/s,1,19,1,1,-18
267,H (n=1) + H (n=19) → H+ (n=1) + H (n=1),H (n=1) + H (n=19),H+ (n=1) + H (n=1),7000.0,K,3.04612e-11,cm3/s,1,19,1,1,-18
267,H (n=1) + H (n=19) → H+ (n=1) + H (n=1),H (n=1) + H (n=19),H+ (n=1) + H (n=1),7500.0,K,3.078e-11,cm3/s,1,19,1,1,-18
267,H (n=1) + H (n=19) → H+ (n=1) + H (n=1),H (n=1) + H (n=19),H+ (n=1) + H (n=1),8000.0,K,3.10678e-11,cm3/s,1,19,1,1,-18
267,H (n=1) + H (n=19) → H+ (n=1) + H (n=1),H (n=1) + H (n=19),H+ (n=1) + H (n=1),8500.0,K,3.1324e-11,cm3/s,1,19,1,1,-18
267,H (n=1) + H (n=19) → H+ (n=1) + H (n=1),H (n=1) + H (n=19),H+ (n=1) + H (n=1),9000.0,K,3.1614e-11,cm3/s,1,19,1,1,-18
267,H (n=1) + H (n=19) → H+ (n=1) + H (n=1),H (n=1) + H (n=19),H+ (n=1) + H (n=1),9500.0,K,3.1872e-11,cm3/s,1,19,1,1,-18
267,H (n=1) + H (n=19) → H+ (n=1) + H (n=1),H (n=1) + H (n=19),H+ (n=1) + H (n=1),10000.0,K,3.21308e-11,cm3/s,1,19,1,1,-18
267,H (n=1) + H (n=19) → H+ (n=1) + H (n=1),H (n=1) + H (n=19),H+ (n=1) + H (n=1),11000.0,K,3.2424e-11,cm3/s,1,19,1,1,-18
267,H (n=1) + H (n=19) → H+ (n=1) + H (n=1),H (n=1) + H (n=19),H+ (n=1) + H (n=1),12000.0,K,3.28152e-11,cm3/s,1,19,1,1,-18
267,H (n=1) + H (n=19) → H+ (n=1) + H (n=1),H (n=1) + H (n=19),H+ (n=1) + H (n=1),13000.0,K,3.31111e-11,cm3/s,1,19,1,1,-18
267,H (n=1) + H (n=19) → H+ (n=1) + H (n=1),H (n=1) + H (n=19),H+ (n=1) + H (n=1),14000.0,K,3.33739e-11,cm3/s,1,19,1,1,-18
267,H (n=1) + H (n=19) → H+ (n=1) + H (n=1),H (n=1) + H (n=19),H+ (n=1) + H (n=1),15000.0,K,3.354e-11,cm3/s,1,19,1,1,-18
267,H (n=1) + H (n=19) → H+ (n=1) + H (n=1),H (n=1) + H (n=19),H+ (n=1) + H (n=1),16000.0,K,3.37696e-11,cm3/s,1,19,1,1,-18
267,H (n=1) + H (n=19) → H+ (n=1) + H (n=1),H (n=1) + H (n=19),H+ (n=1) + H (n=1),17000.0,K,3.39366e-11,cm3/s,1,19,1,1,-18
267,H (n=1) + H (n=19) → H+ (n=1) + H (n=1),H (n=1) + H (n=19),H+ (n=1) + H (n=1),18000.0,K,3.40692e-11,cm3/s,1,19,1,1,-18
267,H (n=1) + H (n=19) → H+ (n=1) + H (n=1),H (n=1) + H (n=19),H+ (n=1) + H (n=1),19000.0,K,3.43e-11,cm3/s,1,19,1,1,-18
267,H (n=1) + H (n=19) → H+ (n=1) + H (n=1),H (n=1) + H (n=19),H+ (n=1) + H (n=1),20000.0,K,3.44331e-11,cm3/s,1,19,1,1,-18
268,H (n=1) + H (n=20) → H+ (n=1) + H (n=1),H (n=1) + H (n=20),H+ (n=1) + H (n=1),3000.0,K,2.11404e-11,cm3/s,1,20,1,1,-19
268,H (n=1) + H (n=20) → H+ (n=1) + H (n=1),H (n=1) + H (n=20),H+ (n=1) + H (n=1),3500.0,K,2.2082e-11,cm3/s,1,20,1,1,-19
268,H (n=1) + H (n=20) → H+ (n=1) + H (n=1),H (n=1) + H (n=20),H+ (n=1) + H (n=1),4000.0,K,2.28084e-11,cm3/s,1,20,1,1,-19
268,H (n=1) + H (n=20) → H+ (n=1) + H (n=1),H (n=1) + H (n=20),H+ (n=1) + H (n=1),4500.0,K,2.33772e-11,cm3/s,1,20,1,1,-19
268,H (n=1) + H (n=20) → H+ (n=1) + H (n=1),H (n=1) + H (n=20),H+ (n=1) + H (n=1),5000.0,K,2.39267e-11,cm3/s,1,20,1,1,-19
268,H (n=1) + H (n=20) → H+ (n=1) + H (n=1),H (n=1) + H (n=20),H+ (n=1) + H (n=1),5500.0,K,2.4362e-11,cm3/s,1,20,1,1,-19
268,H (n=1) + H (n=20) → H+ (n=1) + H (n=1),H (n=1) + H (n=20),H+ (n=1) + H (n=1),6000.0,K,2.47746e-11,cm3/s,1,20,1,1,-19
268,H (n=1) + H (n=20) → H+ (n=1) + H (n=1),H (n=1) + H (n=20),H+ (n=1) + H (n=1),6500.0,K,2.51636e-11,cm3/s,1,20,1,1,-19
268,H (n=1) + H (n=20) → H+ (n=1) + H (n=1),H (n=1) + H (n=20),H+ (n=1) + H (n=1),7000.0,K,2.546e-11,cm3/s,1,20,1,1,-19
268,H (n=1) + H (n=20) → H+ (n=1) + H (n=1),H (n=1) + H (n=20),H+ (n=1) + H (n=1),7500.0,K,2.5731e-11,cm3/s,1,20,1,1,-19
268,H (n=1) + H (n=20) → H+ (n=1) + H (n=1),H (n=1) + H (n=20),H+ (n=1) + H (n=1),8000.0,K,2.60032e-11,cm3/s,1,20,1,1,-19
268,H (n=1) + H (n=20) → H+ (n=1) + H (n=1),H (n=1) + H (n=20),H+ (n=1) + H (n=1),8500.0,K,2.61534e-11,cm3/s,1,20,1,1,-19
268,H (n=1) + H (n=20) → H+ (n=1) + H (n=1),H (n=1) + H (n=20),H+ (n=1) + H (n=1),9000.0,K,2.64e-11,cm3/s,1,20,1,1,-19
268,H (n=1) + H (n=20) → H+ (n=1) + H (n=1),H (n=1) + H (n=20),H+ (n=1) + H (n=1),9500.0,K,2.65512e-11,cm3/s,1,20,1,1,-19
268,H (n=1) + H (n=20) → H+ (n=1) + H (n=1),H (n=1) + H (n=20),H+ (n=1) + H (n=1),10000.0,K,2.67028e-11,cm3/s,1,20,1,1,-19
268,H (n=1) + H (n=20) → H+ (n=1) + H (n=1),H (n=1) + H (n=20),H+ (n=1) + H (n=1),11000.0,K,2.70072e-11,cm3/s,1,20,1,1,-19
268,H (n=1) + H (n=20) → H+ (n=1) + H (n=1),H (n=1) + H (n=20),H+ (n=1) + H (n=1),12000.0,K,2.7257e-11,cm3/s,1,20,1,1,-19
268,H (n=1) + H (n=20) → H+ (n=1) + H (n=1),H (n=1) + H (n=20),H+ (n=1) + H (n=1),13000.0,K,2.75359e-11,cm3/s,1,20,1,1,-19
268,H (n=1) + H (n=20) → H+ (n=1) + H (n=1),H (n=1) + H (n=20),H+ (n=1) + H (n=1),14000.0,K,2.769e-11,cm3/s,1,20,1,1,-19
268,H (n=1) + H (n=20) → H+ (n=1) + H (n=1),H (n=1) + H (n=20),H+ (n=1) + H (n=1),15000.0,K,2.79136e-11,cm3/s,1,20,1,1,-19
268,H (n=1) + H (n=20) → H+ (n=1) + H (n=1),H (n=1) + H (n=20),H+ (n=1) + H (n=1),16000.0,K,2.80686e-11,cm3/s,1,20,1,1,-19
268,H (n=1) + H (n=20) → H+ (n=1) + H (n=1),H (n=1) + H (n=20),H+ (n=1) + H (n=1),17000.0,K,2.81952e-11,cm3/s,1,20,1,1,-19
268,H (n=1) + H (n=20) → H+ (n=1) + H (n=1),H (n=1) + H (n=20),H+ (n=1) + H (n=1),18000.0,K,2.8322e-11,cm3/s,1,20,1,1,-19
268,H (n=1) + H (n=20) → H+ (n=1) + H (n=1),H (n=1) + H (n=20),H+ (n=1) + H (n=1),19000.0,K,2.8478e-11,cm3/s,1,20,1,1,-19
268,H (n=1) + H (n=20) → H+ (n=1) + H (n=1),H (n=1) + H (n=20),H+ (n=1) + H (n=1),20000.0,K,2.8507e-11,cm3/s,1,20,1,1,-19
315,He (n=1) + He (n=3) → He (n=1) + He+ (n=1),He (n=1) + He (n=3),He (n=1) + He+ (n=1),7000.0,K,1.44e-10,cm3/s,1,3,1,1,-2
315,He (n=1) + He (n=3) → He (n=1) + He+ (n=1),He (n=1) + He (n=3),He (n=1) + He+ (n=1),8000.0,K,2.07e-10,cm3/s,1,3,1,1,-2
315,He (n=1) + He (n=3) → He (n=1) + He+ (n=1),He (n=1) + He (n=3),He (n=1) + He+ (n=1),9000.0,K,2.72e-10,cm3/s,1,3,1,1,-2
315,He (n=1) + He (n=3) → He (n=1) + He+ (n=1),He (n=1) + He (n=3),He (n=1) + He+ (n=1),10000.0,K,3.44e-10,cm3/s,1,3,1,1,-2
315,He (n=1) + He (n=3) → He (n=1) + He+ (n=1),He (n=1) + He (n=3),He (n=1) + He+ (n=1),11000.0,K,4.17e-10,cm3/s,1,3,1,1,-2
315,He (n=1) + He (n=3) → He (n=1) + He+ (n=1),He (n=1) + He (n=3),He (n=1) + He+ (n=1),12000.0,K,4.89e-10,cm3/s,1,3,1,1,-2
315,He (n=1) + He (n=3) → He (n=1) + He+ (n=1),He (n=1) + He (n=3),He (n=1) + He+ (n=1),13000.0,K,5.61e-10,cm3/s,1,3,1,1,-2
315,He (n=1) + He (n=3) → He (n=1) + He+ (n=1),He (n=1) + He (n=3),He (n=1) + He+ (n=1),14000.0,K,6.31e-10,cm3/s,1,3,1,1,-2
315,He (n=1) + He (n=3) → He (n=1) + He+ (n=1),He (n=1) + He (n=3),He (n=1) + He+ (n=1),15000.0,K,6.98e-10,cm3/s,1,3,1,1,-2
315,He (n=1) + He (n=3) → He (n=1) + He+ (n=1),He (n=1) + He (n=3),He (n=1) + He+ (n=1),16000.0,K,7.64e-10,cm3/s,1,3,1,1,-2
315,He (n=1) + He (n=3) → He (n=1) + He+ (n=1),He (n=1) + He (n=3),He (n=1) + He+ (n=1),17000.0,K,8.34e-10,cm3/s,1,3,1,1,-2
315,He (n=1) + He (n=3) → He (n=1) + He+ (n=1),He (n=1) + He (n=3),He (n=1) + He+ (n=1),18000.0,K,8.9e-10,cm3/s,1,3,1,1,-2
315,He (n=1) + He (n=3) → He (n=1) + He+ (n=1),He (n=1) + He (n=3),He (n=1) + He+ (n=1),19000.0,K,9.5e-10,cm3/s,1,3,1,1,-2
315,He (n=1) + He (n=3) → He (n=1) + He+ (n=1),He (n=1) + He (n=3),He (n=1) + He+ (n=1),20000.0,K,1e-09,cm3/s,1,3,1,1,-2
315,He (n=1) + He (n=3) → He (n=1) + He+ (n=1),He (n=1) + He (n=3),He (n=1) + He+ (n=1),21000.0,K,1.06e-09,cm3/s,1,3,1,1,-2
315,He (n=1) + He (n=3) → He (n=1) + He+ (n=1),He (n=1) + He (n=3),He (n=1) + He+ (n=1),22000.0,K,1.12e-09,cm3/s,1,3,1,1,-2
315,He (n=1) + He (n=3) → He (n=1) + He+ (n=1),He (n=1) + He (n=3),He (n=1) + He+ (n=1),23000.0,K,1.18e-09,cm3/s,1,3,1,1,-2
315,He (n=1) + He (n=3) → He (n=1) + He+ (n=1),He (n=1) + He (n=3),He (n=1) + He+ (n=1),24000.0,K,1.23e-09,cm3/s,1,3,1,1,-2
315,He (n=1) + He (n=3) → He (n=1) + He+ (n=1),He (n=1) + He (n=3),He (n=1) + He+ (n=1),25000.0,K,1.27e-09,cm3/s,1,3,1,1,-2
315,He (n=1) + He (n=3) → He (n=1) + He+ (n=1),He (n=1) + He (n=3),He (n=1) + He+ (n=1),26000.0,K,1.32e-09,cm3/s,1,3,1,1,-2
315,He (n=1) + He (n=3) → He (n=1) + He+ (n=1),He (n=1) + He (n=3),He (n=1) + He+ (n=1),27000.0,K,1.37e-09,cm3/s,1,3,1,1,-2
315,He (n=1) + He (n=3) → He (n=1) + He+ (n=1),He (n=1) + He (n=3),He (n=1) + He+ (n=1),28000.0,K,1.42e-09,cm3/s,1,3,1,1,-2
315,He (n=1) + He (n=3) → He (n=1) + He+ (n=1),He (n=1) + He (n=3),He (n=1) + He+ (n=1),29000.0,K,1.45e-09,cm3/s,1,3,1,1,-2
315,He (n=1) + He (n=3) → He (n=1) + He+ (n=1),He (n=1) + He (n=3),He (n=1) + He+ (n=1),30000.0,K,1.5e-09,cm3/s,1,3,1,1,-2
316,He (n=1) + He (n=4) → He (n=1) + He+ (n=1),He (n=1) + He (n=4),He (n=1) + He+ (n=1),7000.0,K,2.14e-10,cm3/s,1,4,1,1,-3
316,He (n=1) + He (n=4) → He (n=1) + He+ (n=1),He (n=1) + He (n=4),He (n=1) + He+ (n=1),8000.0,K,2.69e-10,cm3/s,1,4,1,1,-3
316,He (n=1) + He (n=4) → He (n=1) + He+ (n=1),He (n=1) + He (n=4),He (n=1) + He+ (n=1),9000.0,K,3.19e-10,cm3/s,1,4,1,1,-3
316,He (n=1) + He (n=4) → He (n=1) + He+ (n=1),He (n=1) + He (n=4),He (n=1) + He+ (n=1),10000.0,K,3.64e-10,cm3/s,1,4,1,1,-3
316,He (n=1) + He (n=4) → He (n=1) + He+ (n=1),He (n=1) + He (n=4),He (n=1) + He+ (n=1),11000.0,K,4.07e-10,cm3/s,1,4,1,1,-3
316,He (n=1) + He (n=4) → He (n=1) + He+ (n=1),He (n=1) + He (n=4),He (n=1) + He+ (n=1),12000.0,K,4.51e-10,cm3/s,1,4,1,1,-3
316,He (n=1) + He (n=4) → He (n=1) + He+ (n=1),He (n=1) + He (n=4),He (n=1) + He+ (n=1),13000.0,K,4.92e-10,cm3/s,1,4,1,1,-3
316,He (n=1) + He (n=4) → He (n=1) + He+ (n=1),He (n=1) + He (n=4),He (n=1) + He+ (n=1),14000.0,K,5.27e-10,cm3/s,1,4,1,1,-3
316,He (n=1) + He (n=4) → He (n=1) + He+ (n=1),He (n=1) + He (n=4),He (n=1) + He+ (n=1),15000.0,K,5.64e-10,cm3/s,1,4,1,1,-3
316,He (n=1) + He (n=4) → He (n=1) + He+ (n=1),He (n=1) + He (n=4),He (n=1) + He+ (n=1),16000.0,K,5.95e-10,cm3/s,1,4,1,1,-3
316,He (n=1) + He (n=4) → He (n=1) + He+ (n=1),He (n=1) + He (n=4),He (n=1) + He+ (n=1),17000.0,K,6.25e-10,cm3/s,1,4,1,1,-3
316,He (n=1) + He (n=4) → He (n=1) + He+ (n=1),He (n=1) + He (n=4),He (n=1) + He+ (n=1),18000.0,K,6.58e-10,cm3/s,1,4,1,1,-3
316,He (n=1) + He (n=4) → He (n=1) + He+ (n=1),He (n=1) + He (n=4),He (n=1) + He+ (n=1),19000.0,K,6.83e-10,cm3/s,1,4,1,1,-3
316,He (n=1) + He (n=4) → He (n=1) + He+ (n=1),He (n=1) + He (n=4),He (n=1) + He+ (n=1),20000.0,K,7.17e-10,cm3/s,1,4,1,1,-3
316,He (n=1) + He (n=4) → He (n=1) + He+ (n=1),He (n=1) + He (n=4),He (n=1) + He+ (n=1),21000.0,K,7.29e-10,cm3/s,1,4,1,1,-3
316,He (n=1) + He (n=4) → He (n=1) + He+ (n=1),He (n=1) + He (n=4),He (n=1) + He+ (n=1),22000.0,K,7.53e-10,cm3/s,1,4,1,1,-3
316,He (n=1) + He (n=4) → He (n=1) + He+ (n=1),He (n=1) + He (n=4),He (n=1) + He+ (n=1),23000.0,K,7.75e-10,cm3/s,1,4,1,1,-3
316,He (n=1) + He (n=4) → He (n=1) + He+ (n=1),He (n=1) + He (n=4),He (n=1) + He+ (n=1),24000.0,K,7.99e-10,cm3/s,1,4,1,1,-3
316,He (n=1) + He (n=4) → He (n=1) + He+ (n=1),He (n=1) + He (n=4),He (n=1) + He+ (n=1),25000.0,K,8.28e-10,cm3/s,1,4,1,1,-3
316,He (n=1) + He (n=4) → He (n=1) + He+ (n=1),He (n=1) + He (n=4),He (n=1) + He+ (n=1),26000.0,K,8.4e-10,cm3/s,1,4,1,1,-3
316,He (n=1) + He (n=4) → He (n=1) + He+ (n=1),He (n=1) + He (n=4),He (n=1) + He+ (n=1),27000.0,K,8.54e-10,cm3/s,1,4,1,1,-3
316,He (n=1) + He (n=4) → He (n=1) + He+ (n=1),He (n=1) + He (n=4),He (n=1) + He+ (n=1),28000.0,K,8.67e-10,cm3/s,1,4,1,1,-3
316,He (n=1) + He (n=4) → He (n=1) + He+ (n=1),He (n=1) + He (n=4),He (n=1) + He+ (n=1),29000.0,K,8.84e-10,cm3/s,1,4,1,1,-3
316,He (n=1) + He (n=4) → He (n=1) + He+ (n=1),He (n=1) + He (n=4),He (n=1) + He+ (n=1),30000.0,K,8.98e-10,cm3/s,1,4,1,1,-3
317,He (n=1) + He (n=5) → He (n=1) + He+ (n=1),He (n=1) + He (n=5),He (n=1) + He+ (n=1),7000.0,K,1.96e-10,cm3/s,1,5,1,1,-4
317,He (n=1) + He (n=5) → He (n=1) + He+ (n=1),He (n=1) + He (n=5),He (n=1) + He+ (n=1),8000.0,K,2.28e-10,cm3/s,1,5,1,1,-4
317,He (n=1) + He (n=5) → He (n=1) + He+ (n=1),He (n=1) + He (n=5),He (n=1) + He+ (n=1),9000.0,K,2.53e-10,cm3/s,1,5,1,1,-4
317,He (n=1) + He (n=5) → He (n=1) + He+ (n=1),He (n=1) + He (n=5),He (n=1) + He+ (n=1),10000.0,K,2.81e-10,cm3/s,1,5,1,1,-4
317,He (n=1) + He (n=5) → He (n=1) + He+ (n=1),He (n=1) + He (n=5),He (n=1) + He+ (n=1),11000.0,K,3.05e-10,cm3/s,1,5,1,1,-4
317,He (n=1) + He (n=5) → He (n=1) + He+ (n=1),He (n=1) + He (n=5),He (n=1) + He+ (n=1),12000.0,K,3.27e-10,cm3/s,1,5,1,1,-4
317,He (n=1) + He (n=5) → He (n=1) + He+ (n=1),He (n=1) + He (n=5),He (n=1) + He+ (n=1),13000.0,K,3.49e-10,cm3/s,1,5,1,1,-4
317,He (n=1) + He (n=5) → He (n=1) + He+ (n=1),He (n=1) + He (n=5),He (n=1) + He+ (n=1),14000.0,K,3.69e-10,cm3/s,1,5,1,1,-4
317,He (n=1) + He (n=5) → He (n=1) + He+ (n=1),He (n=1) + He (n=5),He (n=1) + He+ (n=1),15000.0,K,3.84e-10,cm3/s,1,5,1,1,-4
317,He (n=1) + He (n=5) → He (n=1) + He+ (n=1),He (n=1) + He (n=5),He (n=1) + He+ (n=1),16000.0,K,3.99e-10,cm3/s,1,5,1,1,-4
317,He (n=1) + He (n=5) → He (n=1) + He+ (n=1),He (n=1) + He (n=5),He (n=1) + He+ (n=1),17000.0,K,4.16e-10,cm3/s,1,5,1,1,-4
317,He (n=1) + He (n=5) → He (n=1) + He+ (n=1),He (n=1) + He (n=5),He (n=1) + He+ (n=1),18000.0,K,4.31e-10,cm3/s,1,5,1,1,-4
317,He (n=1) + He (n=5) → He (n=1) + He+ (n=1),He (n=1) + He (n=5),He (n=1) + He+ (n=1),19000.0,K,4.44e-10,cm3/s,1,5,1,1,-4
317,He (n=1) + He (n=5) → He (n=1) + He+ (n=1),He (n=1) + He (n=5),He (n=1) + He+ (n=1),20000.0,K,4.54e-10,cm3/s,1,5,1,1,-4
317,He (n=1) + He (n=5) → He (n=1) + He+ (n=1),He (n=1) + He (n=5),He (n=1) + He+ (n=1),21000.0,K,4.64e-10,cm3/s,1,5,1,1,-4
317,He (n=1) + He (n=5) → He (n=1) + He+ (n=1),He (n=1) + He (n=5),He (n=1) + He+ (n=1),22000.0,K,4.7e-10,cm3/s,1,5,1,1,-4
317,He (n=1) + He (n=5) → He (n=1) + He+ (n=1),He (n=1) + He (n=5),He (n=1) + He+ (n=1),23000.0,K,4.78e-10,cm3/s,1,5,1,1,-4
317,He (n=1) + He (n=5) → He (n=1) + He+ (n=1),He (n=1) + He (n=5),He (n=1) + He+ (n=1),24000.0,K,4.87e-10,cm3/s,1,5,1,1,-4
317,He (n=1) + He (n=5) → He (n=1) + He+ (n=1),He (n=1) + He (n=5),He (n=1) + He+ (n=1),25000.0,K,4.96e-10,cm3/s,1,5,1,1,-4
317,He (n=1) + He (n=5) → He (n=1) + He+ (n=1),He (n=1) + He (n=5),He (n=1) + He+ (n=1),26000.0,K,5.06e-10,cm3/s,1,5,1,1,-4
317,He (n=1) + He (n=5) → He (n=1) + He+ (n=1),He (n=1) + He (n=5),He (n=1) + He+ (n=1),27000.0,K,5.16e-10,cm3/s,1,5,1,1,-4
317,He (n=1) + He (n=5) → He (n=1) + He+ (n=1),He (n=1) + He (n=5),He (n=1) + He+ (n=1),28000.0,K,5.23e-10,cm3/s,1,5,1,1,-4
317,He (n=1) + He (n=5) → He (n=1) + He+ (n=1),He (n=1) + He (n=5),He (n=1) + He+ (n=1),29000.0,K,5.31e-10,cm3/s,1,5,1,1,-4
317,He (n=1) + He (n=5) → He (n=1) + He+ (n=1),He (n=1) + He (n=5),He (n=1) + He+ (n=1),30000.0,K,5.36e-10,cm3/s,1,5,1,1,-4
318,He (n=1) + He (n=6) → He (n=1) + He+ (n=1),He (n=1) + He (n=6),He (n=1) + He+ (n=1),7000.0,K,1.54e-10,cm3/s,1,6,1,1,-5
318,He (n=1) + He (n=6) → He (n=1) + He+ (n=1),He (n=1) + He (n=6),He (n=1) + He+ (n=1),8000.0,K,1.7e-10,cm3/s,1,6,1,1,-5
318,He (n=1) + He (n=6) → He (n=1) + He+ (n=1),He (n=1) + He (n=6),He (n=1) + He+ (n=1),9000.0,K,1.85e-10,cm3/s,1,6,1,1,-5
318,He (n=1) + He (n=6) → He (n=1) + He+ (n=1),He (n=1) + He (n=6),He (n=1) + He+ (n=1),10000.0,K,2.01e-10,cm3/s,1,6,1,1,-5
318,He (n=1) + He (n=6) → He (n=1) + He+ (n=1),He (n=1) + He (n=6),He (n=1) + He+ (n=1),11000.0,K,2.13e-10,cm3/s,1,6,1,1,-5
318,He (n=1) + He (n=6) → He (n=1) + He+ (n=1),He (n=1) + He (n=6),He (n=1) + He+ (n=1),12000.0,K,2.26e-10,cm3/s,1,6,1,1,-5
318,He (n=1) + He (n=6) → He (n=1) + He+ (n=1),He (n=1) + He (n=6),He (n=1) + He+ (n=1),13000.0,K,2.37e-10,cm3/s,1,6,1,1,-5
318,He (n=1) + He (n=6) → He (n=1) + He+ (n=1),He (n=1) + He (n=6),He (n=1) + He+ (n=1),14000.0,K,2.45e-10,cm3/s,1,6,1,1,-5
318,He (n=1) + He (n=6) → He (n=1) + He+ (n=1),He (n=1) + He (n=6),He (n=1) + He+ (n=1),15000.0,K,2.54e-10,cm3/s,1,6,1,1,-5
318,He (n=1) + He (n=6) → He (n=1) + He+ (n=1),He (n=1) + He (n=6),He (n=1) + He+ (n=1),16000.0,K,2.6e-10,cm3/s,1,6,1,1,-5
318,He (n=1) + He (n=6) → He (n=1) + He+ (n=1),He (n=1) + He (n=6),He (n=1) + He+ (n=1),17000.0,K,2.68e-10,cm3/s,1,6,1,1,-5
318,He (n=1) + He (n=6) → He (n=1) + He+ (n=1),He (n=1) + He (n=6),He (n=1) + He+ (n=1),18000.0,K,2.75e-10,cm3/s,1,6,1,1,-5
318,He (n=1) + He (n=6) → He (n=1) + He+ (n=1),He (n=1) + He (n=6),He (n=1) + He+ (n=1),19000.0,K,2.8e-10,cm3/s,1,6,1,1,-5
318,He (n=1) + He (n=6) → He (n=1) + He+ (n=1),He (n=1) + He (n=6),He (n=1) + He+ (n=1),20000.0,K,2.86e-10,cm3/s,1,6,1,1,-5
318,He (n=1) + He (n=6) → He (n=1) + He+ (n=1),He (n=1) + He (n=6),He (n=1) + He+ (n=1),21000.0,K,2.92e-10,cm3/s,1,6,1,1,-5
318,He (n=1) + He (n=6) → He (n=1) + He+ (n=1),He (n=1) + He (n=6),He (n=1) + He+ (n=1),22000.0,K,2.95e-10,cm3/s,1,6,1,1,-5
318,He (n=1) + He (n=6) → He (n=1) + He+ (n=1),He (n=1) + He (n=6),He (n=1) + He+ (n=1),23000.0,K,3.01e-10,cm3/s,1,6,1,1,-5
318,He (n=1) + He (n=6) → He (n=1) + He+ (n=1),He (n=1) + He (n=6),He (n=1) + He+ (n=1),24000.0,K,3.04e-10,cm3/s,1,6,1,1,-5
318,He (n=1) + He (n=6) → He (n=1) + He+ (n=1),He (n=1) + He (n=6),He (n=1) + He+ (n=1),25000.0,K,3.07e-10,cm3/s,1,6,1,1,-5
318,He (n=1) + He (n=6) → He (n=1) + He+ (n=1),He (n=1) + He (n=6),He (n=1) + He+ (n=1),26000.0,K,3.13e-10,cm3/s,1,6,1,1,-5
318,He (n=1) + He (n=6) → He (n=1) + He+ (n=1),He (n=1) + He (n=6),He (n=1) + He+ (n=1),27000.0,K,3.17e-10,cm3/s,1,6,1,1,-5
318,He (n=1) + He (n=6) → He (n=1) + He+ (n=1),He (n=1) + He (n=6),He (n=1) + He+ (n=1),28000.0,K,3.23e-10,cm3/s,1,6,1,1,-5
318,He (n=1) + He (n=6) → He (n=1) + He+ (n=1),He (n=1) + He (n=6),He (n=1) + He+ (n=1),29000.0,K,3.27e-10,cm3/s,1,6,1,1,-5
318,He (n=1) + He (n=6) → He (n=1) + He+ (n=1),He (n=1) + He (n=6),He (n=1) + He+ (n=1),30000.0,K,3.27e-10,cm3/s,1,6,1,1,-5
319,He (n=1) + He (n=7) → He (n=1) + He+ (n=1),He (n=1) + He (n=7),He (n=1) + He+ (n=1),7000.0,K,1.13e-10,cm3/s,1,7,1,1,-6
319,He (n=1) + He (n=7) → He (n=1) + He+ (n=1),He (n=1) + He (n=7),He (n=1) + He+ (n=1),8000.0,K,1.24e-10,cm3/s,1,7,1,1,-6
319,He (n=1) + He (n=7) → He (n=1) + He+ (n=1),He (n=1) + He (n=7),He (n=1) + He+ (n=1),9000.0,K,1.34e-10,cm3/s,1,7,1,1,-6
319,He (n=1) + He (n=7) → He (n=1) + He+ (n=1),He (n=1) + He (n=7),He (n=1) + He+ (n=1),10000.0,K,1.41e-10,cm3/s,1,7,1,1,-6
319,He (n=1) + He (n=7) → He (n=1) + He+ (n=1),He (n=1) + He (n=7),He (n=1) + He+ (n=1),11000.0,K,1.48e-10,cm3/s,1,7,1,1,-6
319,He (n=1) + He (n=7) → He (n=1) + He+ (n=1),He (n=1) + He (n=7),He (n=1) + He+ (n=1),12000.0,K,1.54e-10,cm3/s,1,7,1,1,-6
319,He (n=1) + He (n=7) → He (n=1) + He+ (n=1),He (n=1) + He (n=7),He (n=1) + He+ (n=1),13000.0,K,1.61e-10,cm3/s,1,7,1,1,-6
319,He (n=1) + He (n=7) → He (n=1) + He+ (n=1),He (n=1) + He (n=7),He (n=1) + He+ (n=1),14000.0,K,1.66e-10,cm3/s,1,7,1,1,-6
319,He (n=1) + He (n=7) → He (n=1) + He+ (n=1),He (n=1) + He (n=7),He (n=1) + He+ (n=1),15000.0,K,1.69e-10,cm3/s,1,7,1,1,-6
319,He (n=1) + He (n=7) → He (n=1) + He+ (n=1),He (n=1) + He (n=7),He (n=1) + He+ (n=1),16000.0,K,1.75e-10,cm3/s,1,7,1,1,-6
319,He (n=1) + He (n=7) → He (n=1) + He+ (n=1),He (n=1) + He (n=7),He (n=1) + He+ (n=1),17000.0,K,1.77e-10,cm3/s,1,7,1,1,-6
319,He (n=1) + He (n=7) → He (n=1) + He+ (n=1),He (n=1) + He (n=7),He (n=1) + He+ (n=1),18000.0,K,1.82e-10,cm3/s,1,7,1,1,-6
319,He (n=1) + He (n=7) → He (n=1) + He+ (n=1),He (n=1) + He (n=7),He (n=1) + He+ (n=1),19000.0,K,1.85e-10,cm3/s,1,7,1,1,-6
319,He (n=1) + He (n=7) → He (n=1) + He+ (n=1),He (n=1) + He (n=7),He (n=1) + He+ (n=1),20000.0,K,1.88e-10,cm3/s,1,7,1,1,-6
319,He (n=1) + He (n=7) → He (n=1) + He+ (n=1),He (n=1) + He (n=7),He (n=1) + He+ (n=1),21000.0,K,1.91e-10,cm3/s,1,7,1,1,-6
319,He (n=1) + He (n=7) → He (n=1) + He+ (n=1),He (n=1) + He (n=7),He (n=1) + He+ (n=1),22000.0,K,1.93e-10,cm3/s,1,7,1,1,-6
319,He (n=1) + He (n=7) → He (n=1) + He+ (n=1),He (n=1) + He (n=7),He (n=1) + He+ (n=1),23000.0,K,1.95e-10,cm3/s,1,7,1,1,-6
319,He (n=1) + He (n=7) → He (n=1) + He+ (n=1),He (n=1) + He (n=7),He (n=1) + He+ (n=1),24000.0,K,1.97e-10,cm3/s,1,7,1,1,-6
319,He (n=1) + He (n=7) → He (n=1) + He+ (n=1),He (n=1) + He (n=7),He (n=1) + He+ (n=1),25000.0,K,1.98e-10,cm3/s,1,7,1,1,-6
319,He (n=1) + He (n=7) → He (n=1) + He+ (n=1),He (n=1) + He (n=7),He (n=1) + He+ (n=1),26000.0,K,2.01e-10,cm3/s,1,7,1,1,-6
319,He (n=1) + He (n=7) → He (n=1) + He+ (n=1),He (n=1) + He (n=7),He (n=1) + He+ (n=1),27000.0,K,2.03e-10,cm3/s,1,7,1,1,-6
319,He (n=1) + He (n=7) → He (n=1) + He+ (n=1),He (n=1) + He (n=7),He (n=1) + He+ (n=1),28000.0,K,2.06e-10,cm3/s,1,7,1,1,-6
319,He (n=1) + He (n=7) → He (n=1) + He+ (n=1),He (n=1) + He (n=7),He (n=1) + He+ (n=1),29000.0,K,2.07e-10,cm3/s,1,7,1,1,-6
319,He (n=1) + He (n=7) → He (n=1) + He+ (n=1),He (n=1) + He (n=7),He (n=1) + He+ (n=1),30000.0,K,2.12e-10,cm3/s,1,7,1,1,-6
320,He (n=8) + He (n=1) → He (n=1) + He+ (n=1),He (n=8) + He (n=1),He (n=1) + He+ (n=1),7000.0,K,8.46e-11,cm3/s,1,8,1,1,-7
320,He (n=8) + He (n=1) → He (n=1) + He+ (n=1),He (n=8) + He (n=1),He (n=1) + He+ (n=1),8000.0,K,8.96e-11,cm3/s,1,8,1,1,-7
320,He (n=8) + He (n=1) → He (n=1) + He+ (n=1),He (n=8) + He (n=1),He (n=1) + He+ (n=1),9000.0,K,9.49e-11,cm3/s,1,8,1,1,-7
320,He (n=8) + He (n=1) → He (n=1) + He+ (n=1),He (n=8) + He (n=1),He (n=1) + He+ (n=1),10000.0,K,1e-10,cm3/s,1,8,1,1,-7
320,He (n=8) + He (n=1) → He (n=1) + He+ (n=1),He (n=8) + He (n=1),He (n=1) + He+ (n=1),11000.0,K,1.04e-10,cm3/s,1,8,1,1,-7
320,He (n=8) + He (n=1) → He (n=1) + He+ (n=1),He (n=8) + He (n=1),He (n=1) + He+ (n=1),12000.0,K,1.09e-10,cm3/s,1,8,1,1,-7
320,He (n=8) + He (n=1) → He (n=1) + He+ (n=1),He (n=8) + He (n=1),He (n=1) + He+ (n=1),13000.0,K,1.12e-10,cm3/s,1,8,1,1,-7
320,He (n=8) + He (n=1) → He (n=1) + He+ (n=1),He (n=8) + He (n=1),He (n=1) + He+ (n=1),14000.0,K,1.13e-10,cm3/s,1,8,1,1,-7
320,He (n=8) + He (n=1) → He (n=1) + He+ (n=1),He (n=8) + He (n=1),He (n=1) + He+ (n=1),15000.0,K,1.17e-10,cm3/s,1,8,1,1,-7
320,He (n=8) + He (n=1) → He (n=1) + He+ (n=1),He (n=8) + He (n=1),He (n=1) + He+ (n=1),16000.0,K,1.19e-10,cm3/s,1,8,1,1,-7
320,He (n=8) + He (n=1) → He (n=1) + He+ (n=1),He (n=8) + He (n=1),He (n=1) + He+ (n=1),17000.0,K,1.22e-10,cm3/s,1,8,1,1,-7
320,He (n=8) + He (n=1) → He (n=1) + He+ (n=1),He (n=8) + He (n=1),He (n=1) + He+ (n=1),18000.0,K,1.23e-10,cm3/s,1,8,1,1,-7
320,He (n=8) + He (n=1) → He (n=1) + He+ (n=1),He (n=8) + He (n=1),He (n=1) + He+ (n=1),19000.0,K,1.25e-10,cm3/s,1,8,1,1,-7
320,He (n=8) + He (n=1) → He (n=1) + He+ (n=1),He (n=8) + He (n=1),He (n=1) + He+ (n=1),20000.0,K,1.26e-10,cm3/s,1,8,1,1,-7
320,He (n=8) + He (n=1) → He (n=1) + He+ (n=1),He (n=8) + He (n=1),He (n=1) + He+ (n=1),21000.0,K,1.28e-10,cm3/s,1,8,1,1,-7
320,He (n=8) + He (n=1) → He (n=1) + He+ (n=1),He (n=8) + He (n=1),He (n=1) + He+ (n=1),22000.0,K,1.3e-10,cm3/s,1,8,1,1,-7
320,He (n=8) + He (n=1) → He (n=1) + He+ (n=1),He (n=8) + He (n=1),He (n=1) + He+ (n=1),23000.0,K,1.32e-10,cm3/s,1,8,1,1,-7
320,He (n=8) + He (n=1) → He (n=1) + He+ (n=1),He (n=8) + He (n=1),He (n=1) + He+ (n=1),24000.0,K,1.32e-10,cm3/s,1,8,1,1,-7
320,He (n=8) + He (n=1) → He (n=1) + He+ (n=1),He (n=8) + He (n=1),He (n=1) + He+ (n=1),25000.0,K,1.33e-10,cm3/s,1,8,1,1,-7
320,He (n=8) + He (n=1) → He (n=1) + He+ (n=1),He (n=8) + He (n=1),He (n=1) + He+ (n=1),26000.0,K,1.34e-10,cm3/s,1,8,1,1,-7
320,He (n=8) + He (n=1) → He (n=1) + He+ (n=1),He (n=8) + He (n=1),He (n=1) + He+ (n=1),27000.0,K,1.35e-10,cm3/s,1,8,1,1,-7
320,He (n=8) + He (n=1) → He (n=1) + He+ (n=1),He (n=8) + He (n=1),He (n=1) + He+ (n=1),28000.0,K,1.36e-10,cm3/s,1,8,1,1,-7
320,He (n=8) + He (n=1) → He (n=1) + He+ (n=1),He (n=8) + He (n=1),He (n=1) + He+ (n=1),29000.0,K,1.38e-10,cm3/s,1,8,1,1,-7
320,He (n=8) + He (n=1) → He (n=1) + He+ (n=1),He (n=8) + He (n=1),He (n=1) + He+ (n=1),30000.0,K,1.38e-10,cm3/s,1,8,1,1,-7
321,He (n=9) + He (n=1) → He (n=1) + He+ (n=1),He (n=9) + He (n=1),He (n=1) + He+ (n=1),7000.0,K,6.16e-11,cm3/s,1,9,1,1,-8
321,He (n=9) + He (n=1) → He (n=1) + He+ (n=1),He (n=9) + He (n=1),He (n=1) + He+ (n=1),8000.0,K,6.57e-11,cm3/s,1,9,1,1,-8
321,He (n=9) + He (n=1) → He (n=1) + He+ (n=1),He (n=9) + He (n=1),He (n=1) + He+ (n=1),9000.0,K,6.93e-11,cm3/s,1,9,1,1,-8
321,He (n=9) + He (n=1) → He (n=1) + He+ (n=1),He (n=9) + He (n=1),He (n=1) + He+ (n=1),10000.0,K,7.17e-11,cm3/s,1,9,1,1,-8
321,He (n=9) + He (n=1) → He (n=1) + He+ (n=1),He (n=9) + He (n=1),He (n=1) + He+ (n=1),11000.0,K,7.46e-11,cm3/s,1,9,1,1,-8
321,He (n=9) + He (n=1) → He (n=1) + He+ (n=1),He (n=9) + He (n=1),He (n=1) + He+ (n=1),12000.0,K,7.67e-11,cm3/s,1,9,1,1,-8
321,He (n=9) + He (n=1) → He (n=1) + He+ (n=1),He (n=9) + He (n=1),He (n=1) + He+ (n=1),13000.0,K,7.87e-11,cm3/s,1,9,1,1,-8
321,He (n=9) + He (n=1) → He (n=1) + He+ (n=1),He (n=9) + He (n=1),He (n=1) + He+ (n=1),14000.0,K,7.99e-11,cm3/s,1,9,1,1,-8
321,He (n=9) + He (n=1) → He (n=1) + He+ (n=1),He (n=9) + He (n=1),He (n=1) + He+ (n=1),15000.0,K,8.14e-11,cm3/s,1,9,1,1,-8
321,He (n=9) + He (n=1) → He (n=1) + He+ (n=1),He (n=9) + He (n=1),He (n=1) + He+ (n=1),16000.0,K,8.31e-11,cm3/s,1,9,1,1,-8
321,He (n=9) + He (n=1) → He (n=1) + He+ (n=1),He (n=9) + He (n=1),He (n=1) + He+ (n=1),17000.0,K,8.44e-11,cm3/s,1,9,1,1,-8
321,He (n=9) + He (n=1) → He (n=1) + He+ (n=1),He (n=9) + He (n=1),He (n=1) + He+ (n=1),18000.0,K,8.56e-11,cm3/s,1,9,1,1,-8
321,He (n=9) + He (n=1) → He (n=1) + He+ (n=1),He (n=9) + He (n=1),He (n=1) + He+ (n=1),19000.0,K,8.7e-11,cm3/s,1,9,1,1,-8
321,He (n=9) + He (n=1) → He (n=1) + He+ (n=1),He (n=9) + He (n=1),He (n=1) + He+ (n=1),20000.0,K,8.73e-11,cm3/s,1,9,1,1,-8
321,He (n=9) + He (n=1) → He (n=1) + He+ (n=1),He (n=9) + He (n=1),He (n=1) + He+ (n=1),21000.0,K,8.79e-11,cm3/s,1,9,1,1,-8
321,He (n=9) + He (n=1) → He (n=1) + He+ (n=1),He (n=9) + He (n=1),He (n=1) + He+ (n=1),22000.0,K,8.98e-11,cm3/s,1,9,1,1,-8
321,He (n=9) + He (n=1) → He (n=1) + He+ (n=1),He (n=9) + He (n=1),He (n=1) + He+ (n=1),23000.0,K,9e-11,cm3/s,1,9,1,1,-8
321,He (n=9) + He (n=1) → He (n=1) + He+ (n=1),He (n=9) + He (n=1),He (n=1) + He+ (n=1),24000.0,K,9.07e-11,cm3/s,1,9,1,1,-8
321,He (n=9) + He (n=1) → He (n=1) + He+ (n=1),He (n=9) + He (n=1),He (n=1) + He+ (n=1),25000.0,K,9.12e-11,cm3/s,1,9,1,1,-8
321,He (n=9) + He (n=1) → He (n=1) + He+ (n=1),He (n=9) + He (n=1),He (n=1) + He+ (n=1),26000.0,K,9.27e-11,cm3/s,1,9,1,1,-8
321,He (n=9) + He (n=1) → He (n=1) + He+ (n=1),He (n=9) + He (n=1),He (n=1) + He+ (n=1),27000.0,K,9.15e-11,cm3/s,1,9,1,1,-8
321,He (n=9) + He (n=1) → He (n=1) + He+ (n=1),He (n=9) + He (n=1),He (n=1) + He+ (n=1),28000.0,K,9.31e-11,cm3/s,1,9,1,1,-8
321,He (n=9) + He (n=1) → He (n=1) + He+ (n=1),He (n=9) + He (n=1),He (n=1) + He+ (n=1),29000.0,K,9.39e-11,cm3/s,1,9,1,1,-8
321,He (n=9) + He (n=1) → He (n=1) + He+ (n=1),He (n=9) + He (n=1),He (n=1) + He+ (n=1),30000.0,K,9.46e-11,cm3/s,1,9,1,1,-8
322,He (n=10) + He (n=1) → He (n=1) + He+ (n=1),He (n=10) + He (n=1),He (n=1) + He+ (n=1),7000.0,K,4.59e-11,cm3/s,1,10,1,1,-9
322,He (n=10) + He (n=1) → He (n=1) + He+ (n=1),He (n=10) + He (n=1),He (n=1) + He+ (n=1),8000.0,K,4.91e-11,cm3/s,1,10,1,1,-9
322,He (n=10) + He (n=1) → He (n=1) + He+ (n=1),He (n=10) + He (n=1),He (n=1) + He+ (n=1),9000.0,K,5.12e-11,cm3/s,1,10,1,1,-9
322,He (n=10) + He (n=1) → He (n=1) + He+ (n=1),He (n=10) + He (n=1),He (n=1) + He+ (n=1),10000.0,K,5.29e-11,cm3/s,1,10,1,1,-9
322,He (n=10) + He (n=1) → He (n=1) + He+ (n=1),He (n=10) + He (n=1),He (n=1) + He+ (n=1),11000.0,K,5.44e-11,cm3/s,1,10,1,1,-9
322,He (n=10) + He (n=1) → He (n=1) + He+ (n=1),He (n=10) + He (n=1),He (n=1) + He+ (n=1),12000.0,K,5.59e-11,cm3/s,1,10,1,1,-9
322,He (n=10) + He (n=1) → He (n=1) + He+ (n=1),He (n=10) + He (n=1),He (n=1) + He+ (n=1),13000.0,K,5.7e-11,cm3/s,1,10,1,1,-9
322,He (n=10) + He (n=1) → He (n=1) + He+ (n=1),He (n=10) + He (n=1),He (n=1) + He+ (n=1),14000.0,K,5.8e-11,cm3/s,1,10,1,1,-9
322,He (n=10) + He (n=1) → He (n=1) + He+ (n=1),He (n=10) + He (n=1),He (n=1) + He+ (n=1),15000.0,K,5.9e-11,cm3/s,1,10,1,1,-9
322,He (n=10) + He (n=1) → He (n=1) + He+ (n=1),He (n=10) + He (n=1),He (n=1) + He+ (n=1),16000.0,K,5.97e-11,cm3/s,1,10,1,1,-9
322,He (n=10) + He (n=1) → He (n=1) + He+ (n=1),He (n=10) + He (n=1),He (n=1) + He+ (n=1),17000.0,K,6.05e-11,cm3/s,1,10,1,1,-9
322,He (n=10) + He (n=1) → He (n=1) + He+ (n=1),He (n=10) + He (n=1),He (n=1) + He+ (n=1),18000.0,K,6.15e-11,cm3/s,1,10,1,1,-9
322,He (n=10) + He (n=1) → He (n=1) + He+ (n=1),He (n=10) + He (n=1),He (n=1) + He+ (n=1),19000.0,K,6.13e-11,cm3/s,1,10,1,1,-9
322,He (n=10) + He (n=1) → He (n=1) + He+ (n=1),He (n=10) + He (n=1),He (n=1) + He+ (n=1),20000.0,K,6.24e-11,cm3/s,1,10,1,1,-9
322,He (n=10) + He (n=1) → He (n=1) + He+ (n=1),He (n=10) + He (n=1),He (n=1) + He+ (n=1),21000.0,K,6.29e-11,cm3/s,1,10,1,1,-9
322,He (n=10) + He (n=1) → He (n=1) + He+ (n=1),He (n=10) + He (n=1),He (n=1) + He+ (n=1),22000.0,K,6.3e-11,cm3/s,1,10,1,1,-9
322,He (n=10) + He (n=1) → He (n=1) + He+ (n=1),He (n=10) + He (n=1),He (n=1) + He+ (n=1),23000.0,K,6.34e-11,cm3/s,1,10,1,1,-9
322,He (n=10) + He (n=1) → He (n=1) + He+ (n=1),He (n=10) + He (n=1),He (n=1) + He+ (n=1),24000.0,K,6.44e-11,cm3/s,1,10,1,1,-9
322,He (n=10) + He (n=1) → He (n=1) + He+ (n=1),He (n=10) + He (n=1),He (n=1) + He+ (n=1),25000.0,K,6.45e-11,cm3/s,1,10,1,1,-9
322,He (n=10) + He (n=1) → He (n=1) + He+ (n=1),He (n=10) + He (n=1),He (n=1) + He+ (n=1),26000.0,K,6.51e-11,cm3/s,1,10,1,1,-9
322,He (n=10) + He (n=1) → He (n=1) + He+ (n=1),He (n=10) + He (n=1),He (n=1) + He+ (n=1),27000.0,K,6.52e-11,cm3/s,1,10,1,1,-9
322,He (n=10) + He (n=1) → He (n=1) + He+ (n=1),He (n=10) + He (n=1),He (n=1) + He+ (n=1),28000.0,K,6.57e-11,cm3/s,1,10,1,1,-9
322,He (n=10) + He (n=1) → He (n=1) + He+ (n=1),He (n=10) + He (n=1),He (n=1) + He+ (n=1),29000.0,K,6.64e-11,cm3/s,1,10,1,1,-9
322,He (n=10) + He (n=1) → He (n=1) + He+ (n=1),He (n=10) + He (n=1),He (n=1) + He+ (n=1),30000.0,K,6.65e-11,cm3/s,1,10,1,1,-9
